date,ticker,returns,weights
2016-01-04,SPY,0.013998,1.0
2016-01-05,SPY,-0.006297,0.0
2016-01-06,SPY,0.00063,1.7149476e-14
2016-01-07,SPY,-0.002978,0.0
2016-01-08,SPY,-0.002987,0.5448979
2016-01-11,SPY,-0.001857,1.6822702e-16
2016-01-12,SPY,0.001268,8.317329e-16
2016-01-13,SPY,0.003504,1.0
2016-01-14,SPY,0.000505,1.3211654e-14
2016-01-15,SPY,-0.003827,1.2953527e-13
2016-01-19,SPY,0.008653,3.0147274e-12
2016-01-20,SPY,-0.001967,1.0
2016-01-21,SPY,-0.001748,1.0
2016-01-22,SPY,-0.001097,0.0
2016-01-25,SPY,-0.012839,0.0
2016-01-26,SPY,0.002353,1.7807769e-15
2016-01-27,SPY,-0.001067,0.0
2016-01-28,SPY,-0.000726,0.0
2016-01-29,SPY,-0.001026,6.783879e-12
2016-02-01,SPY,0.007277,0.0
2016-02-02,SPY,0.000935,0.0
2016-02-03,SPY,0.003184,1.07752e-12
2016-02-04,SPY,-0.002328,1.0
2016-02-05,SPY,-0.001739,0.0
2016-02-08,SPY,0.000637,0.0
2016-02-09,SPY,-0.002973,7.410739e-15
2016-02-10,SPY,0.002811,0.0
2016-02-11,SPY,-0.001019,0.0
2016-02-12,SPY,0.000595,1.9706459e-15
2016-02-16,SPY,-0.00119,2.6738006e-14
2016-02-17,SPY,-0.004382,0.0
2016-02-18,SPY,-0.006495,2.4480418e-14
2016-02-19,SPY,0.00886,0.0
2016-02-22,SPY,-0.002984,1.9242967e-11
2016-02-23,SPY,-0.001839,9.15934e-16
2016-02-24,SPY,0.008139,4.633777e-16
2016-02-25,SPY,-0.003187,4.718448e-16
2016-02-26,SPY,0.010998,0.0
2016-02-29,SPY,0.005819,0.0
2016-03-01,SPY,-0.000629,6.0751404e-13
2016-03-02,SPY,0.000839,1.6867063e-13
2016-03-03,SPY,-0.002179,8.7430063e-16
2016-03-04,SPY,0.00252,0.0
2016-03-07,SPY,0.000377,0.0
2016-03-08,SPY,-0.001215,0.0
2016-03-09,SPY,0.001174,1.0
2016-03-10,SPY,0.003937,1.901257e-15
2016-03-11,SPY,-0.000167,3.845644e-16
2016-03-14,SPY,-0.000918,0.0
2016-03-15,SPY,0.001796,1.1657342e-15
2016-03-16,SPY,-0.002043,1.0047518e-14
2016-03-17,SPY,-0.001671,4.2044146e-13
2016-03-18,SPY,0.005524,1.2930712e-11
2016-03-21,SPY,-0.000916,1.2490009e-16
2016-03-22,SPY,-0.017744,0.0
2016-03-23,SPY,0.004028,1.5135115e-13
2016-03-24,SPY,0.006504,9.167609e-16
2016-03-28,SPY,0.005077,0.53982466
2016-03-29,SPY,0.002213,1.110223e-16
2016-03-30,SPY,0.002333,8.901213e-14
2016-03-31,SPY,0.004779,1.0
2016-04-01,SPY,-0.000207,1.7486013e-15
2016-04-04,SPY,-0.000869,0.0
2016-04-05,SPY,-0.000248,0.0
2016-04-06,SPY,0.007952,0.0
2016-04-07,SPY,0.003328,0.0
2016-04-08,SPY,-0.000737,2.4563684e-14
2016-04-11,SPY,-0.003197,0.5564128
2016-04-12,SPY,0.00185,1.2698176e-15
2016-04-13,SPY,0.000492,1.0
2016-04-14,SPY,-0.001518,1.0
2016-04-15,SPY,-0.000205,9.0633057e-13
2016-04-18,SPY,0.00489,0.0
2016-04-19,SPY,-0.001268,0.0
2016-04-20,SPY,-0.001924,0.0
2016-04-21,SPY,0.000218,3.1987746e-12
2016-04-22,SPY,0.008325,1.8485213e-14
2016-04-25,SPY,-0.006744,4.5137825e-16
2016-04-26,SPY,-0.000247,1.6676313e-12
2016-04-27,SPY,-0.000453,0.55304754
2016-04-28,SPY,0.001194,4.830193e-16
2016-04-29,SPY,0.000658,3.336914e-14
2016-05-02,SPY,-0.008056,1.4192737e-16
2016-05-03,SPY,0.00895,1.0
2016-05-04,SPY,-0.008789,1.5752523e-16
2016-05-05,SPY,0.001864,1.3433699e-14
2016-05-06,SPY,0.001696,0.0
2016-05-09,SPY,0.002312,0.0
2016-05-10,SPY,-0.009144,0.0
2016-05-11,SPY,0.006485,1.8957058e-14
2016-05-12,SPY,0.001074,1.0
2016-05-13,SPY,-0.000743,8.4154905e-14
2016-05-16,SPY,0.007515,8.285999e-17
2016-05-17,SPY,0.00168,6.555867e-14
2016-05-18,SPY,0.004664,1.5999146e-12
2016-05-19,SPY,-0.000122,8.346934e-13
2016-05-20,SPY,0.000529,1.0
2016-05-23,SPY,0.005414,1.0
2016-05-24,SPY,0.000445,0.0
2016-05-25,SPY,-0.00089,1.0918988e-11
2016-05-26,SPY,-0.000243,0.0
2016-05-27,SPY,0.002431,7.5633944e-16
2016-05-31,SPY,4e-05,5.4727056e-14
2016-06-01,SPY,-0.00093,1.4377388e-14
2016-06-02,SPY,-0.001173,0.0
2016-06-03,SPY,-0.000567,0.0
2016-06-06,SPY,0.002229,1.0
2016-06-07,SPY,0.000485,0.0
2016-06-08,SPY,-0.00194,7.667478e-15
2016-06-09,SPY,0.001822,1.0036971e-12
2016-06-10,SPY,0.001859,1.0
2016-06-13,SPY,-0.002461,0.0
2016-06-14,SPY,-4e-05,0.0
2016-06-15,SPY,-0.014115,8.06577e-14
2016-06-16,SPY,0.001477,0.0
2016-06-17,SPY,0.009913,7.468724e-15
2016-06-20,SPY,-0.000122,0.0
2016-06-21,SPY,0.001744,0.0
2016-06-22,SPY,-0.015591,0.0
2016-06-23,SPY,-0.001563,0.0
2016-06-24,SPY,0.000783,1.0
2016-06-27,SPY,0.010457,0.0
2016-06-28,SPY,-0.003585,1.3660739e-12
2016-06-29,SPY,-0.002331,3.4347525e-15
2016-06-30,SPY,0.002336,0.0
2016-07-01,SPY,4.1e-05,0.0
2016-07-05,SPY,0.001145,0.0
2016-07-06,SPY,0.004738,0.0
2016-07-07,SPY,0.006016,0.0
2016-07-08,SPY,0.001414,0.0
2016-07-11,SPY,-0.007182,0.0
2016-07-12,SPY,0.003414,0.0
2016-07-13,SPY,-0.000122,0.0
2016-07-14,SPY,-0.001175,8.3266727e-16
2016-07-15,SPY,0.010666,0.0
2016-07-18,SPY,0.003371,1.2463086e-12
2016-07-19,SPY,0.00048,1.0
2016-07-20,SPY,-0.00032,0.0
2016-07-21,SPY,0.001338,0.0
2016-07-22,SPY,0.002127,1.0
2016-07-25,SPY,0.001001,1.0
2016-07-26,SPY,0.00036,2.0183993e-12
2016-07-27,SPY,-0.002679,1.0
2016-07-28,SPY,0.000201,0.0
2016-07-29,SPY,-0.002045,6.7809647e-12
2016-08-01,SPY,0.000603,5.399292e-13
2016-08-02,SPY,0.003894,0.0
2016-08-03,SPY,0.0012,5.546119e-13
2016-08-04,SPY,0.003515,0.0
2016-08-05,SPY,0.004339,5.940165e-12
2016-08-08,SPY,0.00214,0.0
2016-08-09,SPY,0.001186,1.0
2016-08-10,SPY,0.005925,0.0
2016-08-11,SPY,-0.001139,9.825474e-15
2016-08-12,SPY,-0.001651,4.88654e-10
2016-08-15,SPY,0.002638,3.0531133e-16
2016-08-16,SPY,0.001571,0.0
2016-08-17,SPY,-0.00149,1.0
2016-08-18,SPY,0.001217,7.771561e-16
2016-08-19,SPY,0.001334,0.0
2016-08-22,SPY,0.000705,0.0
2016-08-23,SPY,0.000979,4.1633363e-16
2016-08-24,SPY,0.000274,4.1633363e-16
2016-08-25,SPY,0.00516,1.5196178e-15
2016-08-26,SPY,-0.003889,0.0
2016-08-29,SPY,0.001757,0.0
2016-08-30,SPY,-0.00495,5.650109e-16
2016-08-31,SPY,0.001293,0.0
2016-09-01,SPY,0.008176,2.747802e-15
2016-09-02,SPY,-0.003725,1.6653345e-16
2016-09-06,SPY,0.001558,0.0
2016-09-07,SPY,0.001322,1.0
2016-09-08,SPY,0.000388,1.0
2016-09-09,SPY,0.003339,1.0
2016-09-12,SPY,0.001548,1.0536801e-15
2016-09-13,SPY,-0.000695,0.0
2016-09-14,SPY,0.001701,0.0
2016-09-15,SPY,-0.003628,1.0
2016-09-16,SPY,-0.00031,0.0
2016-09-19,SPY,0.00093,0.0
2016-09-20,SPY,-0.002323,1.0
2016-09-21,SPY,-0.005005,4.932721e-15
2016-09-22,SPY,0.008501,1.0
2016-09-23,SPY,-0.002939,2.0927704e-13
2016-09-26,SPY,0.001706,0.0
2016-09-27,SPY,0.006543,9.103829e-15
2016-09-28,SPY,-0.000885,0.0
2016-09-29,SPY,0.00231,2.6090241e-15
2016-09-30,SPY,-0.000499,0.0
2016-10-03,SPY,0.010145,1.0
2016-10-04,SPY,-0.000609,0.0
2016-10-05,SPY,0.008755,0.0
2016-10-06,SPY,-0.002075,0.0
2016-10-07,SPY,-0.00121,0.0
2016-10-10,SPY,-0.003597,2.9765947e-14
2016-10-11,SPY,0.00019,0.0
2016-10-12,SPY,0.003153,0.0
2016-10-13,SPY,0.005453,7.075937e-15
2016-10-14,SPY,0.003013,1.0
2016-10-17,SPY,0.001765,0.0
2016-10-18,SPY,-0.000112,1.0
2016-10-19,SPY,-0.004086,0.0
2016-10-20,SPY,0.008286,5.412337e-16
2016-10-21,SPY,0.006341,4.4686477e-15
2016-10-24,SPY,-0.00384,0.0
2016-10-25,SPY,-0.000524,1.6702785e-14
2016-10-26,SPY,0.00206,9.198198e-14
2016-10-27,SPY,-0.000262,0.0
2016-10-28,SPY,-0.001196,2.4980018e-16
2016-10-31,SPY,0.000487,0.0
2016-11-01,SPY,0.002057,8.021361e-15
2016-11-02,SPY,-0.003771,0.0
2016-11-03,SPY,0.007157,0.0
2016-11-04,SPY,0.006325,1.0
2016-11-07,SPY,0.004215,0.0
2016-11-08,SPY,0.006664,1.5326067e-15
2016-11-09,SPY,0.001829,0.0
2016-11-10,SPY,0.002263,2.0400348e-15
2016-11-11,SPY,-0.00153,0.0
2016-11-14,SPY,0.007296,1.0
2016-11-15,SPY,0.006519,1.0
2016-11-16,SPY,-0.003418,1.50574e-13
2016-11-17,SPY,0.009532,0.0
2016-11-18,SPY,-0.001681,1.0
2016-11-21,SPY,0.00455,2.6992297e-15
2016-11-22,SPY,0.008131,1.7416624e-14
2016-11-23,SPY,0.002122,1.0
2016-11-25,SPY,-0.000388,0.0
2016-11-28,SPY,0.000424,4.178039e-14
2016-11-29,SPY,0.011578,1.3877788e-15
2016-11-30,SPY,-0.00663,0.0
2016-12-01,SPY,-0.010257,1.0
2016-12-02,SPY,0.000497,0.0
2016-12-05,SPY,-0.001135,0.0
2016-12-06,SPY,-0.02177,0.0
2016-12-07,SPY,-0.041823,5.0792703e-15
2016-12-08,SPY,0.019702,8.881784e-15
2016-12-09,SPY,-0.005425,1.2434498e-13
2016-12-12,SPY,-0.037509,9.2967856e-12
2016-12-13,SPY,0.015022,3.200218e-14
2016-12-14,SPY,0.014684,2.5146552e-14
2016-12-15,SPY,0.002487,0.0
2016-12-16,SPY,0.013496,6.64265e-12
2016-12-19,SPY,0.01276,1.3933299e-14
2016-12-20,SPY,0.000293,1.0
2016-12-21,SPY,-0.006261,4.8572257e-16
2016-12-22,SPY,-0.004974,1.5024093e-13
2016-12-23,SPY,0.001296,7.2164497e-16
2016-12-27,SPY,0.015939,1.0
2016-12-28,SPY,0.011612,0.0
2016-12-29,SPY,-0.012487,2.0539126e-15
2016-12-30,SPY,-0.01013,0.0
2016-01-04,XLF,0.028525,2.7755576e-17
2016-01-05,XLF,-0.015452,8.5062966e-17
2016-01-06,XLF,0.004829,7.676151e-15
2016-01-07,XLF,-0.007609,0.0
2016-01-08,XLF,-0.002825,0.0
2016-01-11,XLF,0.000405,2.4980018e-16
2016-01-12,XLF,0.003641,2.5157906e-16
2016-01-13,XLF,-0.000806,5.7731597e-15
2016-01-14,XLF,0.00242,0.0
2016-01-15,XLF,-0.002817,7.747275e-15
2016-01-19,XLF,-0.001614,1.5964677e-12
2016-01-20,XLF,0.001617,1.2490009e-16
2016-01-21,XLF,-0.00977,2.9143354e-16
2016-01-22,XLF,-0.007321,1.0
2016-01-25,XLF,-0.028882,1.12895804e-13
2016-01-26,XLF,-0.002121,4.770199e-16
2016-01-27,XLF,0.002126,0.0
2016-01-28,XLF,-0.001273,0.0
2016-01-29,XLF,-0.003823,1.7294499e-13
2016-02-01,XLF,0.013646,1.8041124e-15
2016-02-02,XLF,-0.00631,0.0
2016-02-03,XLF,0.013124,5.2909066e-15
2016-02-04,XLF,-0.008358,0.0
2016-02-05,XLF,-0.002107,0.0
2016-02-08,XLF,-0.001267,0.0
2016-02-09,XLF,-0.007611,1.8596236e-15
2016-02-10,XLF,0.006391,7.6067624e-16
2016-02-11,XLF,-0.004234,1.4821477e-14
2016-02-12,XLF,-0.002551,2.7755576e-16
2016-02-16,XLF,-0.002984,6.801855e-14
2016-02-17,XLF,-0.008123,0.0
2016-02-18,XLF,-0.012931,6.342149e-15
2016-02-19,XLF,0.017467,2.1926905e-15
2016-02-22,XLF,-0.009442,0.0
2016-02-23,XLF,-0.003033,1.0
2016-02-24,XLF,0.016949,7.8301044e-16
2016-02-25,XLF,-0.010256,6.938894e-18
2016-02-26,XLF,0.022453,0.0
2016-02-29,XLF,0.008868,1.0
2016-03-01,XLF,-0.000837,1.2846668e-13
2016-03-02,XLF,-0.004608,4.7531423e-16
2016-03-03,XLF,-0.00968,4.649059e-16
2016-03-04,XLF,0.006375,0.0
2016-03-07,XLF,-0.001267,4.215378e-16
2016-03-08,XLF,0.008034,2.359224e-16
2016-03-09,XLF,0.001678,7.40033e-15
2016-03-10,XLF,-0.001675,1.0
2016-03-11,XLF,-0.000839,9.7712536e-17
2016-03-14,XLF,-0.003778,2.8449465e-16
2016-03-15,XLF,0.003371,0.0
2016-03-16,XLF,-0.0063,1.0
2016-03-17,XLF,-0.004227,6.133982e-15
2016-03-18,XLF,0.00764,0.0
2016-03-21,XLF,0.002949,3.738329e-16
2016-03-22,XLF,-0.031499,0.0
2016-03-23,XLF,0.003903,0.0
2016-03-24,XLF,0.008639,1.0
2016-03-28,XLF,0.00257,3.1225023e-17
2016-03-29,XLF,0.007689,4.1633363e-17
2016-03-30,XLF,-0.000424,2.5044073e-13
2016-03-31,XLF,0.001696,3.0747974e-15
2016-04-01,XLF,-0.000423,0.0
2016-04-04,XLF,-0.006777,1.0
2016-04-05,XLF,-0.008529,0.0
2016-04-06,XLF,0.012473,1.0
2016-04-07,XLF,-0.003823,0.0
2016-04-08,XLF,0.001706,2.7061686e-16
2016-04-11,XLF,-0.004257,0.0
2016-04-12,XLF,0.007696,0.0
2016-04-13,XLF,0.011455,2.5014713e-15
2016-04-14,XLF,0.018876,0.0
2016-04-15,XLF,0.002058,0.0
2016-04-18,XLF,0.005341,0.0
2016-04-19,XLF,0.001635,0.0
2016-04-20,XLF,-0.00408,1.8041124e-16
2016-04-21,XLF,-0.001104,1.0
2016-04-22,XLF,0.010292,0.0
2016-04-25,XLF,-0.008557,6.799335e-16
2016-04-26,XLF,-0.00822,0.0
2016-04-27,XLF,-0.006216,3.9460622e-15
2016-04-28,XLF,-0.003753,1.0
2016-04-29,XLF,0.005442,9.250274e-13
2016-05-02,XLF,0.004996,1.0
2016-05-03,XLF,0.015742,0.0
2016-05-04,XLF,0.006933,4.440892e-16
2016-05-05,XLF,-0.00081,3.2977093e-15
2016-05-06,XLF,0.014593,1.0
2016-05-09,XLF,0.001598,3.3670983e-15
2016-05-10,XLF,-0.007579,0.0
2016-05-11,XLF,0.006833,1.7763568e-15
2016-05-12,XLF,-0.001198,2.4659094e-15
2016-05-13,XLF,-0.008793,1.3964524e-16
2016-05-16,XLF,0.003226,1.0
2016-05-17,XLF,0.006029,3.2612801e-15
2016-05-18,XLF,-0.004395,1.327894e-13
2016-05-19,XLF,-0.00321,3.4139358e-15
2016-05-20,XLF,-0.00161,0.0
2016-05-23,XLF,0.000403,1.1298254e-14
2016-05-24,XLF,-0.000403,0.0
2016-05-25,XLF,0.0,2.886441e-13
2016-05-26,XLF,0.004436,0.0
2016-05-27,XLF,0.012445,0.0
2016-05-31,XLF,-0.006741,1.5395671e-13
2016-06-01,XLF,-0.005589,1.1032841e-14
2016-06-02,XLF,0.0,0.0
2016-06-03,XLF,0.007226,0.0
2016-06-06,XLF,0.007174,0.0
2016-06-07,XLF,0.001583,1.0
2016-06-08,XLF,-0.003556,2.5132674e-14
2016-06-09,XLF,0.006741,0.0
2016-06-10,XLF,-0.001575,0.0
2016-06-13,XLF,-0.002761,0.0
2016-06-14,XLF,0.0,0.0
2016-06-15,XLF,-0.017801,0.0
2016-06-16,XLF,-0.004027,0.0
2016-06-17,XLF,0.013748,4.5716853e-17
2016-06-20,XLF,0.000798,5.0761245e-17
2016-06-21,XLF,-0.001993,0.0
2016-06-22,XLF,-0.017173,0.0
2016-06-23,XLF,0.000406,0.0
2016-06-24,XLF,-0.002843,0.0
2016-06-27,XLF,0.010998,1.4155344e-15
2016-06-28,XLF,-0.003223,0.0
2016-06-29,XLF,0.0,1.769418e-16
2016-06-30,XLF,0.002829,0.0
2016-07-01,XLF,-0.006449,1.0
2016-07-05,XLF,-0.003245,0.0
2016-07-06,XLF,0.00407,1.0
2016-07-07,XLF,0.001216,0.0
2016-07-08,XLF,0.002834,1.0
2016-07-11,XLF,-0.021397,1.0
2016-07-12,XLF,0.002475,0.0
2016-07-13,XLF,-0.017284,0.0
2016-07-14,XLF,0.009213,9.020562e-17
2016-07-15,XLF,0.017427,8.96852e-16
2016-07-18,XLF,0.011827,9.614011e-14
2016-07-19,XLF,0.001612,1.9801572e-11
2016-07-20,XLF,-0.002012,1.2351231e-14
2016-07-21,XLF,0.002953,1.0
2016-07-22,XLF,0.011708,5.967449e-16
2016-07-25,XLF,0.007582,1.9165225e-14
2016-07-26,XLF,0.005941,1.6191944e-12
2016-07-27,XLF,0.002362,0.0
2016-07-28,XLF,-0.001178,0.0
2016-07-29,XLF,-0.00118,1.07990006e-13
2016-08-01,XLF,-0.000394,3.735727e-13
2016-08-02,XLF,0.01221,0.0
2016-08-03,XLF,0.001556,7.46625e-15
2016-08-04,XLF,0.004662,0.0
2016-08-05,XLF,0.008507,7.683437e-14
2016-08-08,XLF,0.003451,0.0
2016-08-09,XLF,-0.004585,0.0
2016-08-10,XLF,0.010365,0.0
2016-08-11,XLF,0.00114,0.0
2016-08-12,XLF,-0.003795,3.2888275e-10
2016-08-15,XLF,0.004571,6.938894e-17
2016-08-16,XLF,-0.001896,1.0
2016-08-17,XLF,-0.007599,0.0
2016-08-18,XLF,0.000383,1.0
2016-08-19,XLF,0.006506,1.0
2016-08-22,XLF,-0.004943,1.0581813e-15
2016-08-23,XLF,0.00535,1.0
2016-08-24,XLF,0.00076,1.0
2016-08-25,XLF,0.011774,1.179612e-15
2016-08-26,XLF,-0.000751,1.1599055e-13
2016-08-29,XLF,0.007137,3.603541e-16
2016-08-30,XLF,-0.005968,1.0
2016-08-31,XLF,0.005629,1.6443208e-16
2016-09-01,XLF,-0.000746,9.506285e-16
2016-09-02,XLF,-0.004108,0.0
2016-09-06,XLF,-0.002625,0.0
2016-09-07,XLF,0.001504,0.0
2016-09-08,XLF,0.009384,0.0
2016-09-09,XLF,-0.004091,1.8984814e-14
2016-09-12,XLF,-0.00112,1.0
2016-09-13,XLF,-0.013832,1.0
2016-09-14,XLF,-0.004928,0.0
2016-09-15,XLF,-0.003429,6.567663e-15
2016-09-16,XLF,-0.003058,1.0
2016-09-19,XLF,0.001534,1.0
2016-09-20,XLF,-0.000383,0.0
2016-09-21,XLF,0.002681,0.0
2016-09-22,XLF,0.000382,0.0
2016-09-23,XLF,-0.001146,0.0
2016-09-26,XLF,0.004587,0.0
2016-09-27,XLF,0.003044,7.1080294e-16
2016-09-28,XLF,-0.004932,5.551115e-17
2016-09-29,XLF,-0.000381,0.0
2016-09-30,XLF,-0.000763,6.5359063e-16
2016-10-03,XLF,0.025954,0.0
2016-10-04,XLF,0.017113,0.0
2016-10-05,XLF,0.006584,0.0
2016-10-06,XLF,0.00218,3.287301e-15
2016-10-07,XLF,0.015228,0.0
2016-10-10,XLF,-0.005357,1.0
2016-10-11,XLF,-0.003591,0.0
2016-10-12,XLF,0.003243,1.0928758e-15
2016-10-13,XLF,0.006106,1.5452049e-15
2016-10-14,XLF,-0.002499,0.0
2016-10-17,XLF,0.010021,1.0
2016-10-18,XLF,-0.012402,0.0
2016-10-19,XLF,-0.006459,1.0
2016-10-20,XLF,0.008967,1.0
2016-10-21,XLF,0.00899,0.0
2016-10-24,XLF,-0.004277,0.0
2016-10-25,XLF,-0.00179,1.0
2016-10-26,XLF,0.008605,3.1034203e-14
2016-10-27,XLF,-0.002844,0.0
2016-10-28,XLF,-0.002852,1.0
2016-10-31,XLF,0.001073,2.647188e-15
2016-11-01,XLF,0.003929,0.0
2016-11-02,XLF,-0.007115,2.9143354e-16
2016-11-03,XLF,0.000358,1.0
2016-11-04,XLF,0.005372,0.0
2016-11-07,XLF,0.009263,1.0
2016-11-08,XLF,0.002824,1.0
2016-11-09,XLF,-0.001408,7.365584e-13
2016-11-10,XLF,0.007755,1.0
2016-11-11,XLF,0.008395,3.1329106e-15
2016-11-14,XLF,0.004856,7.598089e-16
2016-11-15,XLF,0.008975,1.179612e-15
2016-11-16,XLF,-0.002737,7.209511e-15
2016-11-17,XLF,0.007547,0.0
2016-11-18,XLF,-0.001362,0.0
2016-11-21,XLF,0.00716,1.7104373e-15
2016-11-22,XLF,0.008125,1.0
2016-11-23,XLF,0.001007,6.8486883e-15
2016-11-25,XLF,0.006709,0.0
2016-11-28,XLF,-0.001999,0.0
2016-11-29,XLF,0.007346,6.4531713e-16
2016-11-30,XLF,-0.003977,2.1740422e-15
2016-12-01,XLF,-0.012978,0.0
2016-12-02,XLF,0.002697,0.0
2016-12-05,XLF,0.009415,0.0
2016-12-06,XLF,-0.021985,5.791201e-14
2016-12-07,XLF,-0.050409,1.0
2016-12-08,XLF,0.018293,9.575674e-16
2016-12-09,XLF,0.000704,1.0
2016-12-12,XLF,-0.043999,3.2987502e-13
2016-12-13,XLF,0.019146,1.0
2016-12-14,XLF,0.01409,9.78384e-16
2016-12-15,XLF,0.004275,0.0
2016-12-16,XLF,0.023767,2.8865799e-15
2016-12-19,XLF,0.005544,1.0
2016-12-20,XLF,-0.001378,0.0
2016-12-21,XLF,-0.003106,1.6422627e-14
2016-12-22,XLF,0.001385,2.189221e-15
2016-12-23,XLF,-0.008296,0.0
2016-12-27,XLF,0.014988,0.0
2016-12-28,XLF,0.01511,0.0
2016-12-29,XLF,-0.009472,1.0
2016-12-30,XLF,-0.014003,0.0
2016-01-04,XLB,0.019522,0.0
2016-01-05,XLB,-0.0107,0.0
2016-01-06,XLB,-0.000759,1.0
2016-01-07,XLB,-0.006457,1.0
2016-01-08,XLB,-0.005543,8.326673e-17
2016-01-11,XLB,0.0,0.0
2016-01-12,XLB,-0.003075,3.1089926e-16
2016-01-13,XLB,0.004627,6.8833828e-15
2016-01-14,XLB,0.002878,0.0
2016-01-15,XLB,-0.008611,6.869505e-16
2016-01-19,XLB,0.01602,2.271447e-14
2016-01-20,XLB,-0.006839,6.5225603e-16
2016-01-21,XLB,0.004285,0.0
2016-01-22,XLB,0.005382,6.789708e-14
2016-01-25,XLB,-0.016565,0.0
2016-01-26,XLB,0.002899,1.0
2016-01-27,XLB,0.004239,5.846018e-16
2016-01-28,XLB,-0.008826,1.8518173e-16
2016-01-29,XLB,0.002129,3.7924525e-13
2016-02-01,XLB,0.01159,1.0
2016-02-02,XLB,0.000764,0.0
2016-02-03,XLB,0.000191,0.0
2016-02-04,XLB,-0.000191,6.938894e-18
2016-02-05,XLB,-0.003816,0.0
2016-02-08,XLB,0.003639,1.0
2016-02-09,XLB,-0.000763,1.0
2016-02-10,XLB,0.005348,0.0
2016-02-11,XLB,-0.00095,9.645063e-16
2016-02-12,XLB,0.00019,1.0
2016-02-16,XLB,-0.002662,1.0
2016-02-17,XLB,-0.01239,1.0
2016-02-18,XLB,-0.009651,3.649858e-15
2016-02-19,XLB,0.007211,5.689893e-16
2016-02-22,XLB,-0.001161,1.8921364e-11
2016-02-23,XLB,0.001356,0.0
2016-02-24,XLB,0.011027,0.0
2016-02-25,XLB,-0.001148,4.0245585e-16
2016-02-26,XLB,0.011494,5.4678484e-15
2016-02-29,XLB,0.016099,0.0
2016-03-01,XLB,-0.000186,0.0
2016-03-02,XLB,-0.002237,1.3565538e-15
2016-03-03,XLB,-0.008408,1.0
2016-03-04,XLB,0.000565,1.0
2016-03-07,XLB,0.001695,3.8684334e-16
2016-03-08,XLB,-0.009776,2.7755576e-17
2016-03-09,XLB,0.001139,1.5724227e-13
2016-03-10,XLB,0.014223,0.0
2016-03-11,XLB,-0.00804,0.0
2016-03-14,XLB,-0.00754,0.0
2016-03-15,XLB,0.003229,5.2735594e-16
2016-03-16,XLB,-0.001515,7.702172e-16
2016-03-17,XLB,-0.002465,1.3530843e-15
2016-03-18,XLB,0.008744,0.0
2016-03-21,XLB,0.000188,1.0
2016-03-22,XLB,-0.0211,1.0
2016-03-23,XLB,0.000577,7.012724e-13
2016-03-24,XLB,0.008655,2.906205e-16
2016-03-28,XLB,0.001144,0.0
2016-03-29,XLB,0.000762,0.0
2016-03-30,XLB,0.006662,0.0
2016-03-31,XLB,-0.001134,1.0554058e-14
2016-04-01,XLB,0.001893,6.800116e-16
2016-04-04,XLB,-0.000189,3.6429193e-16
2016-04-05,XLB,0.003024,2.1233015e-15
2016-04-06,XLB,0.012057,0.0
2016-04-07,XLB,0.00242,0.0
2016-04-08,XLB,-0.003157,1.0
2016-04-11,XLB,0.000559,2.3765712e-16
2016-04-12,XLB,0.001303,0.0
2016-04-13,XLB,0.002975,0.0
2016-04-14,XLB,0.012792,0.0
2016-04-15,XLB,-0.003844,6.7584827e-15
2016-04-18,XLB,0.012495,1.0
2016-04-19,XLB,-0.010526,1.4103302e-15
2016-04-20,XLB,-0.008804,1.0
2016-04-21,XLB,0.0043,2.0634536e-15
2016-04-22,XLB,0.00796,1.4536983e-14
2016-04-25,XLB,-0.00551,6.1432314e-16
2016-04-26,XLB,-0.010526,0.0
2016-04-27,XLB,0.00112,0.0
2016-04-28,XLB,0.003915,3.8039167e-16
2016-04-29,XLB,0.002971,3.307077e-14
2016-05-02,XLB,-0.00611,0.0
2016-05-03,XLB,0.009128,0.0
2016-05-04,XLB,-0.011999,2.7755576e-16
2016-05-05,XLB,0.005419,9.454243e-17
2016-05-06,XLB,0.008734,1.5947971e-15
2016-05-09,XLB,-0.003316,3.4972025e-15
2016-05-10,XLB,-0.004436,0.0
2016-05-11,XLB,0.005199,0.0
2016-05-12,XLB,0.00628,1.0408341e-15
2016-05-13,XLB,-0.001468,0.0
2016-05-16,XLB,0.011581,0.0
2016-05-17,XLB,-0.00109,3.802514e-15
2016-05-18,XLB,0.005094,1.00115445e-13
2016-05-19,XLB,0.001991,0.0
2016-05-20,XLB,-0.004155,2.5118796e-15
2016-05-23,XLB,0.009614,1.1374582e-14
2016-05-24,XLB,-0.007366,1.0
2016-05-25,XLB,0.000181,2.0095037e-14
2016-05-26,XLB,-0.000905,2.9906633e-14
2016-05-27,XLB,0.010686,1.0
2016-05-31,XLB,-0.006093,3.7071735e-13
2016-06-01,XLB,-0.003606,3.1918912e-15
2016-06-02,XLB,-0.003619,0.0
2016-06-03,XLB,-0.007628,2.4980018e-16
2016-06-06,XLB,0.000732,0.0
2016-06-07,XLB,0.000914,0.0
2016-06-08,XLB,-0.007491,1.0
2016-06-09,XLB,0.004786,1.0171863e-12
2016-06-10,XLB,0.00055,3.1571967e-15
2016-06-13,XLB,-0.007874,1.0
2016-06-14,XLB,0.000923,0.0
2016-06-15,XLB,-0.011433,0.0
2016-06-16,XLB,-0.002425,3.6429193e-17
2016-06-17,XLB,0.009349,7.719301e-16
2016-06-20,XLB,0.000185,4.9960036e-16
2016-06-21,XLB,0.009817,1.0
2016-06-22,XLB,-0.015224,0.0
2016-06-23,XLB,0.000373,0.0
2016-06-24,XLB,0.000931,8.257284e-16
2016-06-27,XLB,0.013021,0.0
2016-06-28,XLB,-0.001836,2.1832189e-13
2016-06-29,XLB,-0.00184,1.0
2016-06-30,XLB,0.003133,0.0
2016-07-01,XLB,0.00147,2.220446e-16
2016-07-05,XLB,-0.00477,1.4196977e-14
2016-07-06,XLB,0.007373,3.2959746e-16
2016-07-07,XLB,0.007685,1.0
2016-07-08,XLB,0.006537,0.0
2016-07-11,XLB,-0.011366,0.0
2016-07-12,XLB,0.002555,1.0
2016-07-13,XLB,0.001638,0.0
2016-07-14,XLB,-0.000363,1.0
2016-07-15,XLB,0.013089,1.0
2016-07-18,XLB,0.008434,0.0
2016-07-19,XLB,-0.000356,4.82084e-14
2016-07-20,XLB,0.003382,1.0
2016-07-21,XLB,3.4e-05,5.551115e-17
2016-07-22,XLB,0.005529,1.3877788e-16
2016-07-25,XLB,0.005144,0.0
2016-07-26,XLB,0.003529,6.231869e-12
2016-07-27,XLB,-0.00211,2.942091e-15
2016-07-28,XLB,-0.003524,4.215378e-16
2016-07-29,XLB,0.001768,3.9315773e-14
2016-08-01,XLB,-0.004413,1.0
2016-08-02,XLB,0.0,0.0
2016-08-03,XLB,0.007092,1.9548165e-15
2016-08-04,XLB,0.0,1.0
2016-08-05,XLB,0.010915,1.0
2016-08-08,XLB,0.00418,0.0
2016-08-09,XLB,0.000347,1.2949711e-15
2016-08-10,XLB,0.006068,0.0
2016-08-11,XLB,-0.00224,1.0
2016-08-12,XLB,-0.000173,2.9512226e-12
2016-08-15,XLB,0.000691,0.0
2016-08-16,XLB,0.000518,2.4789198e-14
2016-08-17,XLB,0.001898,3.4347525e-15
2016-08-18,XLB,0.004822,8.569534e-16
2016-08-19,XLB,-0.000685,0.0
2016-08-22,XLB,-0.002572,1.0
2016-08-23,XLB,-0.002407,1.9862584e-16
2016-08-24,XLB,0.003792,0.0
2016-08-25,XLB,0.008585,1.0
2016-08-26,XLB,-0.001873,1.637579e-15
2016-08-29,XLB,0.005628,2.8310687e-15
2016-08-30,XLB,-0.005258,0.0
2016-08-31,XLB,0.013299,1.0
2016-09-01,XLB,-0.005216,2.0816682e-16
2016-09-02,XLB,-0.004736,1.994932e-16
2016-09-06,XLB,0.002719,2.2872676e-13
2016-09-07,XLB,0.004915,0.0
2016-09-08,XLB,-0.007252,0.0
2016-09-09,XLB,-0.00051,0.0
2016-09-12,XLB,-0.00425,0.0
2016-09-13,XLB,0.001024,0.0
2016-09-14,XLB,0.001023,0.0
2016-09-15,XLB,-0.008518,8.687495e-15
2016-09-16,XLB,-0.001546,0.0
2016-09-19,XLB,0.005163,0.0
2016-09-20,XLB,-0.009074,3.2699538e-16
2016-09-21,XLB,-0.006047,0.0
2016-09-22,XLB,0.012168,0.0
2016-09-23,XLB,0.001374,0.0
2016-09-26,XLB,0.001372,1.0
2016-09-27,XLB,0.005309,2.0969337e-14
2016-09-28,XLB,-0.002726,0.0
2016-09-29,XLB,0.005125,0.0
2016-09-30,XLB,-0.005948,1.0
2016-10-03,XLB,0.011113,2.1725677e-14
2016-10-04,XLB,0.001522,1.0
2016-10-05,XLB,0.005572,1.0
2016-10-06,XLB,-0.008227,0.0
2016-10-07,XLB,0.010327,0.0
2016-10-10,XLB,-0.005027,4.2438844e-16
2016-10-11,XLB,-0.005894,0.0
2016-10-12,XLB,0.006776,5.412337e-16
2016-10-13,XLB,0.0,1.0
2016-10-14,XLB,0.001346,0.0
2016-10-17,XLB,0.000168,0.0
2016-10-18,XLB,0.002688,0.0
2016-10-19,XLB,-0.011059,0.0
2016-10-20,XLB,0.005894,0.0
2016-10-21,XLB,0.014726,1.0
2016-10-24,XLB,-0.001168,1.0
2016-10-25,XLB,0.000334,2.3310347e-16
2016-10-26,XLB,0.003506,8.679689e-15
2016-10-27,XLB,0.003826,1.0
2016-10-28,XLB,-0.000829,0.0
2016-10-31,XLB,0.001327,0.0
2016-11-01,XLB,0.004472,0.0
2016-11-02,XLB,-0.001814,0.0
2016-11-03,XLB,0.014208,0.0
2016-11-04,XLB,0.007004,0.0
2016-11-07,XLB,0.008735,6.1305128e-15
2016-11-08,XLB,0.008018,0.0
2016-11-09,XLB,0.001432,1.3824311e-10
2016-11-10,XLB,-0.001589,0.0
2016-11-11,XLB,-0.006046,0.0
2016-11-14,XLB,0.013126,0.0
2016-11-15,XLB,0.00158,1.3877788e-16
2016-11-16,XLB,-0.011674,0.0
2016-11-17,XLB,0.004629,0.0
2016-11-18,XLB,-0.000635,0.0
2016-11-21,XLB,0.006041,4.9960036e-16
2016-11-22,XLB,-0.00237,5.926162e-14
2016-11-23,XLB,-0.000158,5.551115e-16
2016-11-25,XLB,0.004278,1.0
2016-11-28,XLB,0.006626,1.0
2016-11-29,XLB,0.004388,0.0
2016-11-30,XLB,-0.01139,1.0
2016-12-01,XLB,-0.00726,0.0
2016-12-02,XLB,0.000795,0.0
2016-12-05,XLB,-0.013662,0.0
2016-12-06,XLB,-0.026252,0.0
2016-12-07,XLB,-0.038207,0.0
2016-12-08,XLB,0.032674,7.771561e-15
2016-12-09,XLB,-0.008993,7.348289e-15
2016-12-12,XLB,-0.03512,2.7818026e-14
2016-12-13,XLB,0.017416,0.0
2016-12-14,XLB,0.020199,2.289835e-16
2016-12-15,XLB,-0.002517,1.0
2016-12-16,XLB,0.013457,0.0
2016-12-19,XLB,0.007469,0.0
2016-12-20,XLB,-0.003624,0.0
2016-12-21,XLB,-0.004464,1.8815678e-14
2016-12-22,XLB,-0.003488,1.0
2016-12-23,XLB,0.006667,2.1944252e-16
2016-12-27,XLB,0.014735,0.0
2016-12-28,XLB,0.004405,0.0
2016-12-29,XLB,-0.013808,6.9735884e-16
2016-12-30,XLB,-0.017789,0.0
2016-01-04,XLK,0.014136,0.0
2016-01-05,XLK,-0.006593,0.0
2016-01-06,XLK,0.002275,1.7803467e-14
2016-01-07,XLK,-0.001513,0.0
2016-01-08,XLK,0.0,2.4980018e-16
2016-01-11,XLK,0.001137,0.0
2016-01-12,XLK,-0.000189,0.0
2016-01-13,XLK,0.0053,0.0
2016-01-14,XLK,0.000941,5.89806e-16
2016-01-15,XLK,-0.002257,1.926237e-14
2016-01-19,XLK,0.006787,0.0
2016-01-20,XLK,0.000562,1.0325074e-14
2016-01-21,XLK,0.002157,0.0
2016-01-22,XLK,0.000574,8.7430063e-16
2016-01-25,XLK,-0.014251,5.0910665e-14
2016-01-26,XLK,0.006273,7.85531e-17
2016-01-27,XLK,-0.002644,0.0
2016-01-28,XLK,0.000758,0.0
2016-01-29,XLK,0.0,0.0
2016-02-01,XLK,0.007192,0.0
2016-02-02,XLK,0.001691,1.5014032e-15
2016-02-03,XLK,0.001876,2.1918058e-13
2016-02-04,XLK,-0.001872,3.920475e-16
2016-02-05,XLK,-0.000938,2.289835e-16
2016-02-08,XLK,0.000751,1.9054203e-13
2016-02-09,XLK,-0.004128,0.0
2016-02-10,XLK,0.000188,2.3852448e-17
2016-02-11,XLK,-0.000565,0.0
2016-02-12,XLK,-0.001885,1.4571677e-16
2016-02-16,XLK,-0.003776,0.0
2016-02-17,XLK,-0.003412,0.0
2016-02-18,XLK,-0.003994,0.0
2016-02-19,XLK,0.009166,0.0
2016-02-22,XLK,-0.000189,1.3227332e-13
2016-02-23,XLK,-0.000757,0.0
2016-02-24,XLK,0.009091,0.0
2016-02-25,XLK,-0.002065,0.0
2016-02-26,XLK,0.011849,0.0
2016-02-29,XLK,0.005205,0.0
2016-03-01,XLK,-0.001109,1.0
2016-03-02,XLK,0.004073,3.7601866e-14
2016-03-03,XLK,0.002581,1.9897278e-14
2016-03-04,XLK,0.00754,0.0
2016-03-07,XLK,0.00219,1.7763568e-15
2016-03-08,XLK,-0.001821,0.0
2016-03-09,XLK,-0.00073,1.4623025e-13
2016-03-10,XLK,0.003652,5.143455e-16
2016-03-11,XLK,0.004366,1.0269563e-15
2016-03-14,XLK,0.001268,3.5041414e-16
2016-03-15,XLK,0.003799,0.0
2016-03-16,XLK,-0.001262,3.3458913e-14
2016-03-17,XLK,0.002526,1.0
2016-03-18,XLK,0.00558,2.6288555e-12
2016-03-21,XLK,0.004654,0.0
2016-03-22,XLK,-0.027258,3.1398495e-16
2016-03-23,XLK,0.005861,0.0
2016-03-24,XLK,0.005827,1.8999828e-16
2016-03-28,XLK,0.007965,0.46017534
2016-03-29,XLK,0.001796,8.6736174e-17
2016-03-30,XLK,0.004123,0.0
2016-03-31,XLK,0.007142,0.0
2016-04-01,XLK,-0.000532,1.5265567e-15
2016-04-04,XLK,0.004257,5.1347815e-16
2016-04-05,XLK,-0.00159,0.0
2016-04-06,XLK,0.002477,0.0
2016-04-07,XLK,0.009176,0.0
2016-04-08,XLK,0.000874,0.0
2016-04-11,XLK,-0.001922,5.551115e-17
2016-04-12,XLK,0.003151,0.0
2016-04-13,XLK,0.002268,0.0
2016-04-14,XLK,-0.024721,0.0
2016-04-15,XLK,-0.005891,1.0
2016-04-18,XLK,0.007183,0.0
2016-04-19,XLK,-0.004814,0.0
2016-04-20,XLK,-0.004479,6.938894e-17
2016-04-21,XLK,-0.001739,7.7544915e-13
2016-04-22,XLK,0.014842,1.5976803e-15
2016-04-25,XLK,-0.008026,1.5455825e-15
2016-04-26,XLK,0.005574,5.579738e-15
2016-04-27,XLK,0.000358,0.44695246
2016-04-28,XLK,0.006256,0.0
2016-04-29,XLK,-0.005329,2.0703474e-12
2016-05-02,XLK,-0.016429,0.0
2016-05-03,XLK,0.012527,1.00600084e-13
2016-05-04,XLK,-0.017931,0.0
2016-05-05,XLK,-0.000913,1.0
2016-05-06,XLK,-0.006944,0.0
2016-05-09,XLK,0.009937,0.0
2016-05-10,XLK,-0.009111,0.0
2016-05-11,XLK,0.011585,9.089951e-16
2016-05-12,XLK,0.007271,0.0
2016-05-13,XLK,0.002166,1.2628787e-15
2016-05-16,XLK,0.012966,2.8370085e-16
2016-05-17,XLK,0.001956,1.0
2016-05-18,XLK,0.008872,1.1526334e-11
2016-05-19,XLK,0.000176,1.0
2016-05-20,XLK,0.004572,3.469447e-18
2016-05-23,XLK,0.005076,0.0
2016-05-24,XLK,0.00209,0.0
2016-05-25,XLK,-0.001217,0.0
2016-05-26,XLK,0.002436,0.0
2016-05-27,XLK,-0.001909,1.3530843e-15
2016-05-31,XLK,0.003826,0.0
2016-06-01,XLK,-0.003812,0.0
2016-06-02,XLK,-0.001044,0.0
2016-06-03,XLK,-0.004875,1.7277846e-15
2016-06-06,XLK,0.005073,5.7107097e-15
2016-06-07,XLK,0.002785,0.0
2016-06-08,XLK,-0.002257,0.0
2016-06-09,XLK,0.002262,1.394336e-13
2016-06-10,XLK,0.006075,0.0
2016-06-13,XLK,-0.00138,3.8181264e-15
2016-06-14,XLK,-0.000518,1.1275703e-16
2016-06-15,XLK,-0.019706,1.0
2016-06-16,XLK,0.006877,0.0
2016-06-17,XLK,0.015937,5.4594865e-15
2016-06-20,XLK,0.001551,0.0
2016-06-21,XLK,0.002926,0.0
2016-06-22,XLK,-0.019564,4.510281e-17
2016-06-23,XLK,-0.00105,1.0
2016-06-24,XLK,-0.00035,1.361411e-14
2016-06-27,XLK,0.014899,0.0
2016-06-28,XLK,-0.002418,0.0
2016-06-29,XLK,-0.000866,7.9276863e-16
2016-06-30,XLK,-0.000173,1.0
2016-07-01,XLK,0.001906,2.3245295e-16
2016-07-05,XLK,0.004325,1.0
2016-07-06,XLK,0.007234,2.4286129e-15
2016-07-07,XLK,0.005985,0.0
2016-07-08,XLK,-0.00085,0.0
2016-07-11,XLK,-0.008847,1.2143064e-16
2016-07-12,XLK,0.000858,1.0269563e-15
2016-07-13,XLK,0.00343,0.0
2016-07-14,XLK,-0.008204,0.0
2016-07-15,XLK,0.014131,0.0
2016-07-18,XLK,0.002379,2.7783036e-12
2016-07-19,XLK,-0.001356,0.0
2016-07-20,XLK,-0.003395,0.0
2016-07-21,XLK,0.004075,0.0
2016-07-22,XLK,0.000851,0.0
2016-07-25,XLK,0.004422,0.0
2016-07-26,XLK,-0.004064,3.4371464e-13
2016-07-27,XLK,-0.005441,5.2041704e-15
2016-07-28,XLK,0.000513,0.0
2016-07-29,XLK,-0.011791,1.0
2016-08-01,XLK,0.003631,0.0
2016-08-02,XLK,0.010165,0.0
2016-08-03,XLK,0.001194,1.0
2016-08-04,XLK,0.006814,3.8857806e-16
2016-08-05,XLK,0.001523,0.0
2016-08-08,XLK,0.002365,1.1666015e-15
2016-08-09,XLK,-0.000674,3.7730236e-16
2016-08-10,XLK,0.009614,1.0
2016-08-11,XLK,0.001504,2.8865799e-15
2016-08-12,XLK,0.002502,0.0
2016-08-15,XLK,0.000998,2.7755576e-17
2016-08-16,XLK,0.003324,5.4642055e-14
2016-08-17,XLK,-0.002485,0.0
2016-08-18,XLK,0.004816,0.0
2016-08-19,XLK,0.003636,0.0
2016-08-22,XLK,0.0,2.057382e-15
2016-08-23,XLK,0.00247,2.94903e-16
2016-08-24,XLK,-0.002957,0.0
2016-08-25,XLK,0.006756,0.0
2016-08-26,XLK,-0.004746,0.0
2016-08-29,XLK,0.002796,0.0
2016-08-30,XLK,-0.005412,6.713015e-17
2016-08-31,XLK,0.004122,0.0
2016-09-01,XLK,0.026929,0.0
2016-09-02,XLK,0.002239,0.0
2016-09-06,XLK,0.004308,1.5633328e-14
2016-09-07,XLK,0.000159,3.004541e-15
2016-09-08,XLK,0.000477,2.5673907e-16
2016-09-09,XLK,0.007938,0.0
2016-09-12,XLK,0.002205,2.4971984e-15
2016-09-13,XLK,0.000471,2.5257574e-15
2016-09-14,XLK,0.005498,1.2663481e-16
2016-09-15,XLK,-0.007968,0.0
2016-09-16,XLK,0.0,3.618633e-15
2016-09-19,XLK,-0.000315,0.0
2016-09-20,XLK,-0.002048,5.186823e-16
2016-09-21,XLK,-0.007419,0.0
2016-09-22,XLK,0.013995,0.0
2016-09-23,XLK,-0.00643,1.6474669e-14
2016-09-26,XLK,0.003789,2.0296265e-15
2016-09-27,XLK,0.010536,0.0
2016-09-28,XLK,-0.001867,0.0
2016-09-29,XLK,0.005613,1.0
2016-09-30,XLK,0.0,2.736107e-17
2016-10-03,XLK,0.003256,3.469447e-18
2016-10-04,XLK,-0.022099,4.1633363e-17
2016-10-05,XLK,0.00885,3.749098e-16
2016-10-06,XLK,-0.005169,0.0
2016-10-07,XLK,-0.01606,0.0
2016-10-10,XLK,0.00032,2.1182793e-15
2016-10-11,XLK,0.006399,1.0
2016-10-12,XLK,0.006199,4.5206894e-15
2016-10-13,XLK,0.004739,4.98733e-16
2016-10-14,XLK,0.008648,8.815171e-14
2016-10-17,XLK,-0.000312,2.5951463e-15
2016-10-18,XLK,0.000312,0.0
2016-10-19,XLK,-0.001247,0.0
2016-10-20,XLK,0.011366,0.0
2016-10-21,XLK,0.008829,0.0
2016-10-24,XLK,-0.006141,0.0
2016-10-25,XLK,-0.000309,8.322336e-16
2016-10-26,XLK,-0.002009,1.0
2016-10-27,XLK,-0.000619,0.0
2016-10-28,XLK,-0.006663,0.0
2016-10-31,XLK,0.001092,0.0
2016-11-01,XLK,0.001714,1.0
2016-11-02,XLK,-0.005289,1.1054525e-15
2016-11-03,XLK,0.012353,0.0
2016-11-04,XLK,0.008341,0.0
2016-11-07,XLK,0.005055,2.4286129e-17
2016-11-08,XLK,0.010517,2.1710816e-15
2016-11-09,XLK,0.003771,1.0
2016-11-10,XLK,-0.002555,0.0
2016-11-11,XLK,-0.003465,2.164935e-15
2016-11-14,XLK,0.004082,4.666406e-15
2016-11-15,XLK,0.005872,1.1980434e-15
2016-11-16,XLK,-0.003892,3.462508e-15
2016-11-17,XLK,0.015026,1.0
2016-11-18,XLK,0.001776,6.938894e-16
2016-11-21,XLK,0.001921,0.0
2016-11-22,XLK,0.009734,1.12323345e-13
2016-11-23,XLK,0.004382,0.0
2016-11-25,XLK,-0.007708,0.0
2016-11-28,XLK,-0.001759,1.1168088e-15
2016-11-29,XLK,0.015857,2.3418767e-17
2016-11-30,XLK,-0.009105,0.0
2016-12-01,XLK,-0.009043,1.0796919e-14
2016-12-02,XLK,0.007507,0.0
2016-12-05,XLK,0.000877,3.1225023e-17
2016-12-06,XLK,-0.029631,0.0
2016-12-07,XLK,-0.041817,0.0
2016-12-08,XLK,0.028728,3.469447e-16
2016-12-09,XLK,-0.012819,3.3723024e-15
2016-12-12,XLK,-0.041428,1.0
2016-12-13,XLK,0.024512,0.0
2016-12-14,XLK,0.017944,4.0939474e-16
2016-12-15,XLK,0.002474,0.0
2016-12-16,XLK,0.018356,2.723776e-14
2016-12-19,XLK,0.019085,7.743806e-15
2016-12-20,XLK,-0.001486,0.0
2016-12-21,XLK,0.000893,8.361367e-16
2016-12-22,XLK,-0.006395,4.1563974e-15
2016-12-23,XLK,0.001197,7.771561e-16
2016-12-27,XLK,0.02093,1.12201914e-14
2016-12-28,XLK,0.015668,0.0
2016-12-29,XLK,-0.010092,0.0
2016-12-30,XLK,-0.007137,0.0
2016-01-04,XLV,0.010001,5.481726e-16
2016-01-05,XLV,-0.003169,5.260674e-16
2016-01-06,XLV,0.003974,8.6475965e-16
2016-01-07,XLV,-0.003826,0.0
2016-01-08,XLV,-0.007019,1.9428903e-15
2016-01-11,XLV,0.004001,6.8941944e-17
2016-01-12,XLV,0.005446,0.0
2016-01-13,XLV,0.003831,0.0
2016-01-14,XLV,-0.00079,0.0
2016-01-15,XLV,-0.003688,4.0896106e-16
2016-01-19,XLV,0.012559,1.0
2016-01-20,XLV,-0.009662,0.0
2016-01-21,XLV,-0.005487,0.0
2016-01-22,XLV,-0.001651,1.2927159e-14
2016-01-25,XLV,-0.007675,5.036943e-14
2016-01-26,XLV,0.000269,8.2595526e-17
2016-01-27,XLV,-0.003088,0.0
2016-01-28,XLV,0.000539,5.8113236e-17
2016-01-29,XLV,0.002692,6.1174676e-13
2016-02-01,XLV,0.000671,4.982993e-15
2016-02-02,XLV,0.000268,6.9215467e-16
2016-02-03,XLV,0.000134,8.880917e-15
2016-02-04,XLV,-0.002816,3.143319e-15
2016-02-05,XLV,0.000807,0.0
2016-02-08,XLV,-0.000538,0.0
2016-02-09,XLV,-0.003092,0.0
2016-02-10,XLV,0.001753,0.0
2016-02-11,XLV,0.00175,1.0
2016-02-12,XLV,-0.001882,0.0
2016-02-16,XLV,-0.001346,1.6364995e-15
2016-02-17,XLV,0.0,0.0
2016-02-18,XLV,-0.002562,0.0
2016-02-19,XLV,0.00365,0.0
2016-02-22,XLV,-0.010909,4.448177e-14
2016-02-23,XLV,0.002996,2.7755576e-17
2016-02-24,XLV,0.006245,0.0
2016-02-25,XLV,-0.005936,0.0
2016-02-26,XLV,0.009908,0.0
2016-02-29,XLV,0.0043,0.0
2016-03-01,XLV,0.005486,5.564993e-13
2016-03-02,XLV,0.002129,7.5287e-16
2016-03-03,XLV,0.002656,5.967449e-16
2016-03-04,XLV,0.002252,4.1481575e-16
2016-03-07,XLV,0.002775,0.0
2016-03-08,XLV,-0.004876,3.2508718e-15
2016-03-09,XLV,0.006622,0.0
2016-03-10,XLV,-0.000526,9.367507e-17
2016-03-11,XLV,-0.006187,0.0
2016-03-14,XLV,0.001192,0.0
2016-03-15,XLV,-0.00291,0.0
2016-03-16,XLV,0.000531,0.0
2016-03-17,XLV,-0.001724,0.0
2016-03-18,XLV,0.006509,3.740064e-15
2016-03-21,XLV,-0.003827,0.0
2016-03-22,XLV,-0.013116,0.0
2016-03-23,XLV,0.00443,0.0
2016-03-24,XLV,0.002807,1.10157495e-16
2016-03-28,XLV,0.002666,0.0
2016-03-29,XLV,0.003323,3.1918912e-16
2016-03-30,XLV,0.002517,0.0
2016-03-31,XLV,0.004758,2.898376e-14
2016-04-01,XLV,-0.001841,3.0253577e-15
2016-04-04,XLV,-0.001449,4.8572257e-17
2016-04-05,XLV,0.003959,0.0
2016-04-06,XLV,0.011041,8.207046e-13
2016-04-07,XLV,0.0065,5.49531e-16
2016-04-08,XLV,-0.002842,7.8062556e-16
2016-04-11,XLV,-0.002461,0.0
2016-04-12,XLV,0.002727,9.540979e-17
2016-04-13,XLV,-0.002849,0.0
2016-04-14,XLV,0.006753,1.8399995e-15
2016-04-15,XLV,-0.00129,0.0
2016-04-18,XLV,0.002067,0.0
2016-04-19,XLV,0.004769,7.8062556e-17
2016-04-20,XLV,-0.001026,5.551115e-17
2016-04-21,XLV,0.001641,0.0
2016-04-22,XLV,0.010426,1.8682972e-15
2016-04-25,XLV,0.003312,1.2148483e-16
2016-04-26,XLV,0.012697,0.0
2016-04-27,XLV,0.010406,1.4243522e-13
2016-04-28,XLV,-0.001489,1.2939562e-16
2016-04-29,XLV,-0.000994,1.0
2016-05-02,XLV,-0.009081,0.0
2016-05-03,XLV,0.005272,7.3677175e-14
2016-05-04,XLV,-0.009116,0.0
2016-05-05,XLV,-0.001386,0.0
2016-05-06,XLV,0.001767,0.0
2016-05-09,XLV,0.005921,3.3268527e-14
2016-05-10,XLV,-0.012899,2.7070707e-12
2016-05-11,XLV,0.005075,1.7694179e-15
2016-05-12,XLV,-0.001893,0.0
2016-05-13,XLV,-0.001138,6.2450045e-17
2016-05-16,XLV,0.006837,4.446391e-16
2016-05-17,XLV,0.00088,0.0
2016-05-18,XLV,0.006785,3.1695761e-13
2016-05-19,XLV,-0.003619,1.37667655e-14
2016-05-20,XLV,0.000752,0.0
2016-05-23,XLV,0.008135,6.442763e-15
2016-05-24,XLV,0.00658,0.0
2016-05-25,XLV,-0.00111,0.0
2016-05-26,XLV,-0.00037,0.0
2016-05-27,XLV,-0.007164,1.7642138e-15
2016-05-31,XLV,-0.003359,0.0
2016-06-01,XLV,-0.006866,0.0
2016-06-02,XLV,0.005028,4.4998727e-15
2016-06-03,XLV,-0.000875,2.7755576e-17
2016-06-06,XLV,-0.002253,3.1155634e-15
2016-06-07,XLV,-0.002258,0.0
2016-06-08,XLV,0.001635,1.1483869e-15
2016-06-09,XLV,-0.00226,0.0
2016-06-10,XLV,0.002139,0.0
2016-06-13,XLV,-0.004645,0.0
2016-06-14,XLV,0.001135,0.0
2016-06-15,XLV,-0.012473,0.0
2016-06-16,XLV,0.002807,3.8181264e-15
2016-06-17,XLV,0.006743,0.0
2016-06-20,XLV,0.0,0.0
2016-06-21,XLV,0.00278,2.064321e-16
2016-06-22,XLV,-0.012476,0.0
2016-06-23,XLV,-0.004594,0.0
2016-06-24,XLV,0.004487,0.0
2016-06-27,XLV,0.012125,1.721713e-15
2016-06-28,XLV,-0.007566,3.0194597e-14
2016-06-29,XLV,0.002923,0.0
2016-06-30,XLV,0.000253,1.4747752e-14
2016-07-01,XLV,0.00532,5.256212e-16
2016-07-05,XLV,0.00189,0.0
2016-07-06,XLV,0.005156,5.0653925e-16
2016-07-07,XLV,0.017015,0.0
2016-07-08,XLV,-0.000738,4.57967e-16
2016-07-11,XLV,-0.004309,0.0
2016-07-12,XLV,0.004822,2.3765712e-16
2016-07-13,XLV,0.011074,5.8876515e-15
2016-07-14,XLV,0.004503,1.4571677e-16
2016-07-15,XLV,0.007754,4.3107878e-16
2016-07-18,XLV,0.002164,1.7980149e-12
2016-07-19,XLV,-0.003719,0.0
2016-07-20,XLV,0.001325,6.071532e-16
2016-07-21,XLV,-0.00319,1.9992688e-16
2016-07-22,XLV,-0.000242,2.0816682e-17
2016-07-25,XLV,-0.007872,0.0
2016-07-26,XLV,0.000977,0.0
2016-07-27,XLV,-0.005122,0.0
2016-07-28,XLV,0.0,7.632783e-17
2016-07-29,XLV,-0.002942,0.0
2016-08-01,XLV,-0.001598,0.0
2016-08-02,XLV,-0.000369,0.0
2016-08-03,XLV,0.000862,0.0
2016-08-04,XLV,0.005908,2.4980018e-15
2016-08-05,XLV,0.010155,3.1349923e-14
2016-08-08,XLV,-0.000242,2.4450927e-15
2016-08-09,XLV,0.004846,0.0
2016-08-10,XLV,0.000723,0.0
2016-08-11,XLV,-0.001325,0.0
2016-08-12,XLV,-0.006273,0.0
2016-08-15,XLV,0.002307,0.0
2016-08-16,XLV,0.001938,0.0
2016-08-17,XLV,-0.001088,6.1062266e-16
2016-08-18,XLV,-0.002541,0.0
2016-08-19,XLV,-0.004368,4.9960036e-16
2016-08-22,XLV,0.013405,5.0265347e-14
2016-08-23,XLV,0.001443,3.7470027e-16
2016-08-24,XLV,0.006124,0.0
2016-08-25,XLV,0.001074,0.0
2016-08-26,XLV,-0.002504,0.0
2016-08-29,XLV,-0.006693,0.0
2016-08-30,XLV,-0.001444,0.0
2016-08-31,XLV,-0.010001,0.0
2016-09-01,XLV,-0.000243,0.0
2016-09-02,XLV,-0.010713,4.8572257e-17
2016-09-06,XLV,-0.001846,0.0
2016-09-07,XLV,0.002466,5.318662e-15
2016-09-08,XLV,-0.00455,4.649059e-16
2016-09-09,XLV,0.008278,0.0
2016-09-12,XLV,-0.003063,3.3108227e-15
2016-09-13,XLV,0.002089,0.0
2016-09-14,XLV,0.00233,0.0
2016-09-15,XLV,0.000122,6.938894e-16
2016-09-16,XLV,-0.006485,0.0
2016-09-19,XLV,0.000985,1.6025592e-16
2016-09-20,XLV,-0.00406,7.7889084e-16
2016-09-21,XLV,-0.002841,0.0
2016-09-22,XLV,0.010406,0.0
2016-09-23,XLV,-0.003923,1.2313067e-14
2016-09-26,XLV,-0.004185,3.1294412e-15
2016-09-27,XLV,0.008776,0.0
2016-09-28,XLV,-0.000368,2.220446e-16
2016-09-29,XLV,0.002329,0.0
2016-09-30,XLV,0.000856,1.10039506e-16
2016-10-03,XLV,0.007331,1.3877788e-17
2016-10-04,XLV,0.004973,8.326673e-17
2016-10-05,XLV,0.007483,0.0
2016-10-06,XLV,-0.002037,0.0
2016-10-07,XLV,-0.012245,1.1033709e-14
2016-10-10,XLV,-0.001701,5.8530104e-16
2016-10-11,XLV,-0.000852,0.0
2016-10-12,XLV,0.000244,3.6602665e-15
2016-10-13,XLV,0.011207,5.941428e-17
2016-10-14,XLV,0.004216,0.0
2016-10-17,XLV,0.003959,1.179612e-16
2016-10-18,XLV,0.003465,6.723788e-15
2016-10-19,XLV,-0.010122,1.8214596e-16
2016-10-20,XLV,0.010953,0.0
2016-10-21,XLV,0.000358,0.0
2016-10-24,XLV,-0.001194,1.6393137e-16
2016-10-25,XLV,-0.003228,4.2457357e-16
2016-10-26,XLV,-0.002279,2.6739028e-14
2016-10-27,XLV,-0.003246,0.0
2016-10-28,XLV,0.000241,0.0
2016-10-31,XLV,0.001688,1.0
2016-11-01,XLV,0.001445,1.4120649e-15
2016-11-02,XLV,-0.006131,1.3795388e-15
2016-11-03,XLV,0.011248,9.7144515e-17
2016-11-04,XLV,0.009568,1.29514455e-14
2016-11-07,XLV,0.001422,1.1449175e-16
2016-11-08,XLV,0.008518,1.8561675e-16
2016-11-09,XLV,-0.003636,0.0
2016-11-10,XLV,0.011773,2.558717e-16
2016-11-11,XLV,-0.001745,2.3245295e-16
2016-11-14,XLV,0.004313,3.740064e-15
2016-11-15,XLV,0.00766,2.0747293e-15
2016-11-16,XLV,0.004953,0.0
2016-11-17,XLV,0.009627,0.0
2016-11-18,XLV,0.000227,7.3552275e-16
2016-11-21,XLV,0.003745,0.0
2016-11-22,XLV,0.006558,3.2612801e-16
2016-11-23,XLV,-0.00483,6.864908e-14
2016-11-25,XLV,0.002935,0.0
2016-11-28,XLV,0.008554,7.188346e-15
2016-11-29,XLV,0.021538,3.6082248e-16
2016-11-30,XLV,-0.002731,0.0
2016-12-01,XLV,-0.021032,0.0
2016-12-02,XLV,-0.014211,0.0
2016-12-05,XLV,0.000341,1.0
2016-12-06,XLV,-0.01407,4.718448e-14
2016-12-07,XLV,-0.044309,0.0
2016-12-08,XLV,0.011079,1.0
2016-12-09,XLV,-0.001191,0.0
2016-12-12,XLV,-0.034701,0.0
2016-12-13,XLV,0.014206,1.3253287e-15
2016-12-14,XLV,0.009379,0.0
2016-12-15,XLV,0.000724,3.851086e-16
2016-12-16,XLV,0.011335,0.0
2016-12-19,XLV,0.011089,1.0047518e-14
2016-12-20,XLV,0.007193,2.4685115e-15
2016-12-21,XLV,-0.011006,4.6429006e-14
2016-12-22,XLV,-0.004143,2.615963e-15
2016-12-23,XLV,-0.001545,1.2975732e-15
2016-12-27,XLV,0.015954,2.3349378e-14
2016-12-28,XLV,0.012657,0.0
2016-12-29,XLV,-0.010415,0.0
2016-12-30,XLV,-0.016022,7.003946e-16
2016-01-04,XLI,0.016854,0.0
2016-01-05,XLI,-0.010751,7.456751e-16
2016-01-06,XLI,0.001057,1.6522374e-14
2016-01-07,XLI,-0.002412,0.0
2016-01-08,XLI,-0.002872,0.4551021
2016-01-11,XLI,-0.003486,1.0
2016-01-12,XLI,-0.004563,2.346591e-15
2016-01-13,XLI,0.006112,1.4849233e-15
2016-01-14,XLI,-0.000607,1.0
2016-01-15,XLI,-0.009423,7.7507445e-15
2016-01-19,XLI,0.011353,1.0341554e-14
2016-01-20,XLI,-0.004551,1.2073675e-15
2016-01-21,XLI,0.005436,2.0816682e-16
2016-01-22,XLI,-0.001827,0.0
2016-01-25,XLI,-0.015253,1.0
2016-01-26,XLI,0.003563,4.1633363e-15
2016-01-27,XLI,-0.001389,0.0
2016-01-28,XLI,-0.002627,0.0
2016-01-29,XLI,-0.003564,8.49841e-15
2016-02-01,XLI,0.010575,1.3877788e-17
2016-02-02,XLI,-0.000154,0.0
2016-02-03,XLI,0.005541,1.0
2016-02-04,XLI,-0.004133,0.0
2016-02-05,XLI,-0.002152,0.0
2016-02-08,XLI,0.002619,0.0
2016-02-09,XLI,-0.003226,6.612766e-15
2016-02-10,XLI,0.002774,1.0
2016-02-11,XLI,0.001076,1.6445179e-15
2016-02-12,XLI,0.002457,0.0
2016-02-16,XLI,0.001378,1.7028046e-13
2016-02-17,XLI,-0.013766,0.0
2016-02-18,XLI,-0.007134,1.0
2016-02-19,XLI,0.010934,0.0
2016-02-22,XLI,-0.003245,1.0
2016-02-23,XLI,0.00093,2.7755576e-17
2016-02-24,XLI,0.01208,0.0
2016-02-25,XLI,0.000918,1.0
2016-02-26,XLI,0.014218,1.8783586e-14
2016-02-29,XLI,0.004824,1.22298e-16
2016-03-01,XLI,0.00015,1.7097435e-14
2016-03-02,XLI,-0.0003,1.6271706e-15
2016-03-03,XLI,-0.004651,1.4942908e-14
2016-03-04,XLI,-0.003015,0.0
2016-03-07,XLI,0.004838,1.0
2016-03-08,XLI,0.000752,0.0
2016-03-09,XLI,0.001052,1.2397111e-11
2016-03-10,XLI,0.005107,0.0
2016-03-11,XLI,-0.00269,0.0
2016-03-14,XLI,0.001349,0.0
2016-03-15,XLI,-0.002095,0.0
2016-03-16,XLI,-0.0003,2.220446e-14
2016-03-17,XLI,-0.00555,2.4077962e-15
2016-03-18,XLI,0.004676,1.0
2016-03-21,XLI,-0.001051,0.0
2016-03-22,XLI,-0.019988,0.0
2016-03-23,XLI,0.00138,1.0
2016-03-24,XLI,0.01317,2.9698466e-15
2016-03-28,XLI,0.007709,9.7144515e-17
2016-03-29,XLI,0.0021,1.3877788e-16
2016-03-30,XLI,0.001197,1.0
2016-03-31,XLI,0.006578,4.8197557e-14
2016-04-01,XLI,0.001188,1.0
2016-04-04,XLI,-0.000297,1.5265567e-16
2016-04-05,XLI,0.001929,1.0
2016-04-06,XLI,0.00622,7.792378e-15
2016-04-07,XLI,0.003974,0.0
2016-04-08,XLI,-0.003519,1.0096091e-15
2016-04-11,XLI,-0.006768,0.44358718
2016-04-12,XLI,-0.001185,0.0
2016-04-13,XLI,0.003263,1.8837709e-13
2016-04-14,XLI,0.003843,0.0
2016-04-15,XLI,0.003681,9.925602e-13
2016-04-18,XLI,0.004108,0.0
2016-04-19,XLI,-0.001023,1.0
2016-04-20,XLI,0.005997,0.0
2016-04-21,XLI,0.003251,3.4310124e-12
2016-04-22,XLI,0.006115,1.0
2016-04-25,XLI,-0.010709,2.42248e-16
2016-04-26,XLI,-0.006729,1.0
2016-04-27,XLI,-0.002062,1.4766834e-15
2016-04-28,XLI,0.003689,0.0
2016-04-29,XLI,0.000294,2.8218747e-14
2016-05-02,XLI,-0.007497,0.0
2016-05-03,XLI,0.009034,0.0
2016-05-04,XLI,-0.008513,7.7562436e-17
2016-05-05,XLI,0.00829,9.2601274e-14
2016-05-06,XLI,0.006166,0.0
2016-05-09,XLI,0.002918,1.0
2016-05-10,XLI,-0.00873,1.0
2016-05-11,XLI,0.007779,0.0
2016-05-12,XLI,0.002913,2.391403e-14
2016-05-13,XLI,-0.000871,1.0
2016-05-16,XLI,0.005523,1.2212453e-15
2016-05-17,XLI,-0.000723,7.0360384e-15
2016-05-18,XLI,0.00434,8.10997e-12
2016-05-19,XLI,-0.000576,3.4139358e-15
2016-05-20,XLI,-0.002306,0.0
2016-05-23,XLI,0.001011,4.279129e-14
2016-05-24,XLI,-0.005628,2.8189636e-14
2016-05-25,XLI,-0.001887,9.942047e-14
2016-05-26,XLI,-0.002181,1.0
2016-05-27,XLI,-0.001311,1.3400739e-15
2016-05-31,XLI,0.001313,1.0
2016-06-01,XLI,-0.005683,4.787837e-16
2016-06-02,XLI,0.002345,0.0
2016-06-03,XLI,-0.001316,0.0
2016-06-06,XLI,-0.002928,0.0
2016-06-07,XLI,0.004405,0.0
2016-06-08,XLI,0.00497,5.4851956e-15
2016-06-09,XLI,0.001891,1.0
2016-06-10,XLI,0.0,1.7910673e-13
2016-06-13,XLI,-0.003049,0.0
2016-06-14,XLI,0.000291,3.2959746e-17
2016-06-15,XLI,-0.012666,0.0
2016-06-16,XLI,0.00059,1.0
2016-06-17,XLI,0.010463,1.3572631e-15
2016-06-20,XLI,-0.002188,0.0
2016-06-21,XLI,0.002777,0.0
2016-06-22,XLI,-0.017344,1.0
2016-06-23,XLI,-0.004005,0.0
2016-06-24,XLI,0.001638,0.0
2016-06-27,XLI,0.011448,1.0
2016-06-28,XLI,-0.009408,0.0
2016-06-29,XLI,-0.003116,1.5248219e-15
2016-06-30,XLI,0.004763,0.0
2016-07-01,XLI,-0.000593,0.0
2016-07-05,XLI,0.007264,0.0
2016-07-06,XLI,0.004121,0.0
2016-07-07,XLI,0.003371,0.0
2016-07-08,XLI,0.000876,0.0
2016-07-11,XLI,-0.01007,0.0
2016-07-12,XLI,0.001032,0.0
2016-07-13,XLI,0.002062,0.0
2016-07-14,XLI,0.00338,2.0816682e-16
2016-07-15,XLI,0.008642,1.1275703e-16
2016-07-18,XLI,0.004792,0.0
2016-07-19,XLI,-0.001445,0.0
2016-07-20,XLI,0.004776,0.0
2016-07-21,XLI,0.004118,2.7755576e-17
2016-07-22,XLI,0.00562,4.9960036e-16
2016-07-25,XLI,0.001003,0.0
2016-07-26,XLI,0.007301,1.0
2016-07-27,XLI,0.002985,0.0
2016-07-28,XLI,0.002551,2.1510571e-16
2016-07-29,XLI,0.0,3.8293743e-12
2016-08-01,XLI,0.0,6.781034e-14
2016-08-02,XLI,0.001131,1.0
2016-08-03,XLI,-0.000565,5.4276028e-14
2016-08-04,XLI,0.002967,0.0
2016-08-05,XLI,0.006901,2.169459e-12
2016-08-08,XLI,0.004336,0.0
2016-08-09,XLI,-0.000279,0.0
2016-08-10,XLI,0.002368,0.0
2016-08-11,XLI,-0.000139,0.0
2016-08-12,XLI,-0.00278,1.2723286e-09
2016-08-15,XLI,0.001533,0.0
2016-08-16,XLI,-0.000557,0.0
2016-08-17,XLI,0.005292,0.0
2016-08-18,XLI,-0.001801,8.049117e-16
2016-08-19,XLI,0.00111,0.0
2016-08-22,XLI,-0.002634,0.0
2016-08-23,XLI,0.000417,0.0
2016-08-24,XLI,0.002779,1.8041124e-16
2016-08-25,XLI,0.010806,1.5959456e-16
2016-08-26,XLI,-0.006305,2.2135072e-15
2016-08-29,XLI,0.005655,1.0
2016-08-30,XLI,-0.009875,1.4432899e-15
2016-08-31,XLI,0.001385,0.0
2016-09-01,XLI,0.000415,2.7061686e-16
2016-09-02,XLI,-0.006914,1.2490009e-16
2016-09-06,XLI,-0.004038,1.0
2016-09-07,XLI,-0.000559,0.0
2016-09-08,XLI,0.005735,0.0
2016-09-09,XLI,-0.000974,0.0
2016-09-12,XLI,0.000557,1.6742163e-13
2016-09-13,XLI,0.001531,0.0
2016-09-14,XLI,-0.001667,0.0
2016-09-15,XLI,-0.012524,1.870032e-15
2016-09-16,XLI,0.001409,0.0
2016-09-19,XLI,-0.003377,0.0
2016-09-20,XLI,-0.002683,0.0
2016-09-21,XLI,-0.005663,0.0
2016-09-22,XLI,0.009398,2.6090241e-15
2016-09-23,XLI,-0.005501,8.3093254e-16
2016-09-26,XLI,0.004539,0.0
2016-09-27,XLI,0.007201,1.0
2016-09-28,XLI,0.001122,1.0
2016-09-29,XLI,0.0,1.2698176e-15
2016-09-30,XLI,0.00168,3.1086245e-15
2016-10-03,XLI,0.015238,2.5385943e-14
2016-10-04,XLI,0.008813,0.0
2016-10-05,XLI,0.017063,6.661338e-16
2016-10-06,XLI,-0.012347,1.0
2016-10-07,XLI,0.008425,0.0
2016-10-10,XLI,-0.008489,1.1185497e-13
2016-10-11,XLI,0.001495,0.0
2016-10-12,XLI,0.009228,0.0
2016-10-13,XLI,0.004303,1.0246144e-14
2016-10-14,XLI,-0.002008,0.0
2016-10-17,XLI,0.001073,1.5959456e-16
2016-10-18,XLI,0.003886,0.0
2016-10-19,XLI,-0.006808,0.0
2016-10-20,XLI,0.007012,4.692427e-16
2016-10-21,XLI,0.007112,5.89806e-16
2016-10-24,XLI,0.000266,0.0
2016-10-25,XLI,0.00333,3.3699172e-15
2016-10-26,XLI,0.000797,1.4826898e-13
2016-10-27,XLI,0.000265,0.0
2016-10-28,XLI,0.001061,3.2265857e-16
2016-10-31,XLI,0.002385,0.0
2016-11-01,XLI,0.001982,1.1657342e-15
2016-11-02,XLI,-0.001847,1.0
2016-11-03,XLI,0.005947,6.938894e-16
2016-11-04,XLI,0.005386,0.0
2016-11-07,XLI,0.007317,2.7755576e-16
2016-11-08,XLI,0.006875,4.8849813e-15
2016-11-09,XLI,0.004123,2.1877639e-12
2016-11-10,XLI,0.006415,0.0
2016-11-11,XLI,-0.000128,0.0
2016-11-14,XLI,0.01275,0.0
2016-11-15,XLI,0.009316,0.0
2016-11-16,XLI,-0.008981,0.0
2016-11-17,XLI,0.005538,0.0
2016-11-18,XLI,-0.005382,0.0
2016-11-21,XLI,0.002895,1.0
2016-11-22,XLI,0.0,6.392109e-14
2016-11-23,XLI,0.000502,6.5086825e-14
2016-11-25,XLI,-0.000878,0.0
2016-11-28,XLI,0.001004,1.363909e-13
2016-11-29,XLI,0.011538,1.0
2016-11-30,XLI,-0.006695,1.7932704e-16
2016-12-01,XLI,-0.007863,7.979728e-17
2016-12-02,XLI,0.003019,1.0
2016-12-05,XLI,-0.001756,0.0
2016-12-06,XLI,-0.020103,1.0
2016-12-07,XLI,-0.04539,8.118506e-16
2016-12-08,XLI,0.018267,1.4543922e-14
2016-12-09,XLI,0.001847,3.6010778e-13
2016-12-12,XLI,-0.038578,1.2723433e-12
2016-12-13,XLI,0.010819,0.0
2016-12-14,XLI,0.016123,0.0
2016-12-15,XLI,0.002267,4.680284e-15
2016-12-16,XLI,0.012638,1.0
2016-12-19,XLI,0.015108,6.8348105e-16
2016-12-20,XLI,0.000259,0.0
2016-12-21,XLI,-0.010092,1.0
2016-12-22,XLI,0.000261,1.1399909e-13
2016-12-23,XLI,0.006664,1.0
2016-12-27,XLI,0.008307,0.0
2016-12-28,XLI,0.013774,1.3183898e-16
2016-12-29,XLI,-0.012571,0.0
2016-12-30,XLI,-0.014275,0.0
2016-01-04,XLU,-0.008885,5.689893e-16
2016-01-05,XLU,0.007211,0.0
2016-01-06,XLU,-0.003096,0.0
2016-01-07,XLU,-0.001941,4.8579778e-17
2016-01-08,XLU,-0.000583,3.8163916e-17
2016-01-11,XLU,-0.0144,0.0
2016-01-12,XLU,-0.002172,1.0
2016-01-13,XLU,0.00831,1.7902346e-15
2016-01-14,XLU,0.002944,0.0
2016-01-15,XLU,-0.000978,0.0
2016-01-19,XLU,0.01606,0.0
2016-01-20,XLU,-0.010987,0.0
2016-01-21,XLU,0.005987,2.9143354e-16
2016-01-22,XLU,-0.006367,1.047773e-15
2016-01-25,XLU,0.013873,0.0
2016-01-26,XLU,0.004844,0.0
2016-01-27,XLU,-0.003085,0.0
2016-01-28,XLU,0.003675,3.6271984e-15
2016-01-29,XLU,-0.003854,0.0
2016-02-01,XLU,-0.000774,0.0
2016-02-02,XLU,-0.002711,1.4883927e-15
2016-02-03,XLU,-0.007765,0.0
2016-02-04,XLU,0.003913,0.0
2016-02-05,XLU,-0.000195,3.6776138e-16
2016-02-08,XLU,0.003119,8.3844043e-13
2016-02-09,XLU,0.005635,7.6327833e-16
2016-02-10,XLU,-0.002512,0.0
2016-02-11,XLU,-0.004262,0.0
2016-02-12,XLU,0.001751,0.0
2016-02-16,XLU,-0.000388,0.0
2016-02-17,XLU,0.007383,3.6269956e-13
2016-02-18,XLU,-0.003279,0.0
2016-02-19,XLU,0.00445,0.0
2016-02-22,XLU,0.002312,0.0
2016-02-23,XLU,-0.006919,1.3877788e-17
2016-02-24,XLU,-0.003871,0.0
2016-02-25,XLU,0.005051,0.0
2016-02-26,XLU,0.005219,6.614154e-14
2016-02-29,XLU,-0.001346,0.0
2016-03-01,XLU,-0.003081,0.0
2016-03-02,XLU,0.003477,0.0
2016-03-03,XLU,-0.004812,0.0
2016-03-04,XLU,-0.005996,1.1312565e-15
2016-03-07,XLU,0.001168,0.0
2016-03-08,XLU,-0.003499,0.0
2016-03-09,XLU,0.003511,2.3439584e-14
2016-03-10,XLU,0.005442,0.0
2016-03-11,XLU,-0.000387,0.0
2016-03-14,XLU,-0.007349,0.0
2016-03-15,XLU,0.001559,6.0368377e-16
2016-03-16,XLU,0.001362,0.0
2016-03-17,XLU,0.004856,0.0
2016-03-18,XLU,0.004253,2.2072622e-14
2016-03-21,XLU,-0.007315,3.0531133e-16
2016-03-22,XLU,0.002521,9.848893e-16
2016-03-23,XLU,0.003482,9.158993e-14
2016-03-24,XLU,0.003855,0.0
2016-03-28,XLU,0.00864,1.0061396e-16
2016-03-29,XLU,0.002665,0.0
2016-03-30,XLU,0.005696,0.0
2016-03-31,XLU,0.008118,0.0
2016-04-01,XLU,0.0,0.0
2016-04-04,XLU,0.003183,1.9775848e-16
2016-04-05,XLU,0.00504,4.270889e-15
2016-04-06,XLU,0.007058,5.7315264e-15
2016-04-07,XLU,0.001107,3.870515e-14
2016-04-08,XLU,-0.003132,0.0
2016-04-11,XLU,-0.002218,2.7755576e-16
2016-04-12,XLU,0.003334,5.7939764e-16
2016-04-13,XLU,-0.008307,1.3244614e-15
2016-04-14,XLU,-0.000931,0.0
2016-04-15,XLU,-0.001863,0.0
2016-04-18,XLU,0.002427,4.5328324e-14
2016-04-19,XLU,0.0054,1.6627325e-15
2016-04-20,XLU,0.005742,1.8041124e-16
2016-04-21,XLU,0.004546,0.0
2016-04-22,XLU,-0.003327,0.0
2016-04-25,XLU,0.000556,0.0
2016-04-26,XLU,-0.00593,6.2614844e-15
2016-04-27,XLU,-0.004661,0.0
2016-04-28,XLU,-0.003371,0.0
2016-04-29,XLU,0.006766,0.0
2016-05-02,XLU,-0.0112,0.0
2016-05-03,XLU,-0.009628,0.0
2016-05-04,XLU,-0.008006,0.0
2016-05-05,XLU,-0.001537,0.0
2016-05-06,XLU,-0.004619,0.0
2016-05-09,XLU,-0.004834,0.0
2016-05-10,XLU,-0.000389,8.6673724e-14
2016-05-11,XLU,0.000777,0.0
2016-05-12,XLU,-0.000777,0.0
2016-05-13,XLU,-0.000583,1.3322676e-15
2016-05-16,XLU,0.008557,0.0
2016-05-17,XLU,-0.003471,7.71605e-15
2016-05-18,XLU,0.004644,0.0
2016-05-19,XLU,0.004623,0.0
2016-05-20,XLU,0.002876,1.0533241e-14
2016-05-23,XLU,0.004206,0.0
2016-05-24,XLU,0.007234,5.093148e-15
2016-05-25,XLU,0.007182,0.0
2016-05-26,XLU,-0.009383,1.2378987e-14
2016-05-27,XLU,-0.005683,1.6922228e-15
2016-05-31,XLU,0.009526,0.0
2016-06-01,XLU,0.002453,0.0
2016-06-02,XLU,-0.001506,3.5698874e-14
2016-06-03,XLU,0.003394,0.0
2016-06-06,XLU,0.005637,0.0
2016-06-07,XLU,0.004297,1.9602375e-16
2016-06-08,XLU,0.005023,0.0
2016-06-09,XLU,-0.004443,0.0
2016-06-10,XLU,0.003161,9.15934e-15
2016-06-13,XLU,0.004078,5.3117233e-14
2016-06-14,XLU,-0.005169,1.7520707e-16
2016-06-15,XLU,0.003155,8.396062e-15
2016-06-16,XLU,-0.005919,3.1225023e-17
2016-06-17,XLU,0.005768,1.0
2016-06-20,XLU,0.00555,0.0
2016-06-21,XLU,0.004048,1.1275703e-15
2016-06-22,XLU,-0.007147,2.9906633e-15
2016-06-23,XLU,0.005906,3.1225023e-16
2016-06-24,XLU,0.00367,0.0
2016-06-27,XLU,0.002194,3.2014322e-15
2016-06-28,XLU,0.003283,1.4120996e-13
2016-06-29,XLU,-0.000727,0.0
2016-06-30,XLU,0.003275,3.9016533e-14
2016-07-01,XLU,0.001814,0.0
2016-07-05,XLU,-0.002172,4.440892e-16
2016-07-06,XLU,-0.002903,5.551115e-17
2016-07-07,XLU,0.000182,2.305339e-15
2016-07-08,XLU,-0.003093,1.769418e-16
2016-07-11,XLU,0.002555,2.8310687e-15
2016-07-12,XLU,-0.00455,1.8145208e-15
2016-07-13,XLU,0.007497,4.2327253e-16
2016-07-14,XLU,0.004719,0.0
2016-07-15,XLU,0.00849,0.0
2016-07-18,XLU,-0.016658,0.0
2016-07-19,XLU,-0.004918,0.0
2016-07-20,XLU,0.00842,0.0
2016-07-21,XLU,0.001402,0.0
2016-07-22,XLU,-0.010228,0.0
2016-07-25,XLU,-0.00203,3.6089187e-14
2016-07-26,XLU,-0.007396,0.0
2016-07-27,XLU,-0.000186,1.110223e-15
2016-07-28,XLU,-0.008198,0.0
2016-07-29,XLU,0.009205,0.0
2016-08-01,XLU,-0.001862,0.0
2016-08-02,XLU,-0.013428,3.7934933e-14
2016-08-03,XLU,0.003592,0.0
2016-08-04,XLU,-0.000753,1.2212453e-15
2016-08-05,XLU,0.001697,0.0
2016-08-08,XLU,-0.002823,0.0
2016-08-09,XLU,0.010002,1.6792123e-15
2016-08-10,XLU,-0.000934,2.026157e-14
2016-08-11,XLU,-0.000748,4.8572257e-16
2016-08-12,XLU,0.00131,3.5486152e-11
2016-08-15,XLU,0.00972,4.3715032e-16
2016-08-16,XLU,0.004258,0.0
2016-08-17,XLU,0.005161,2.359224e-16
2016-08-18,XLU,-0.006969,2.4980018e-16
2016-08-19,XLU,-0.002216,0.0
2016-08-22,XLU,0.005923,0.0
2016-08-23,XLU,-0.00184,0.0
2016-08-24,XLU,0.010507,4.0766002e-16
2016-08-25,XLU,0.00073,0.0
2016-08-26,XLU,0.000547,1.0
2016-08-29,XLU,0.000911,1.14065e-16
2016-08-30,XLU,-0.004368,0.0
2016-08-31,XLU,0.000183,7.905628e-16
2016-09-01,XLU,0.006215,0.0
2016-09-02,XLU,0.000182,0.0
2016-09-06,XLU,0.00109,9.180157e-15
2016-09-07,XLU,-0.005624,0.0
2016-09-08,XLU,0.003649,0.0
2016-09-09,XLU,0.003636,3.8594128e-14
2016-09-12,XLU,-0.003804,1.6262463e-16
2016-09-13,XLU,0.012,2.359224e-16
2016-09-14,XLU,0.000719,5.6551985e-16
2016-09-15,XLU,0.001257,0.0
2016-09-16,XLU,-0.004662,1.5959456e-16
2016-09-19,XLU,0.01189,3.3720456e-16
2016-09-20,XLU,0.012462,1.3877788e-17
2016-09-21,XLU,-0.008616,7.460106e-14
2016-09-22,XLU,-0.003193,7.4940054e-16
2016-09-23,XLU,-0.006939,3.6914916e-15
2016-09-26,XLU,-0.003046,3.8996584e-15
2016-09-27,XLU,0.002696,0.0
2016-09-28,XLU,0.0,4.8572257e-16
2016-09-29,XLU,0.001613,4.89192e-16
2016-09-30,XLU,0.004295,0.0
2016-10-03,XLU,0.004633,0.0
2016-10-04,XLU,0.000532,2.0400348e-15
2016-10-05,XLU,0.003368,5.858638e-17
2016-10-06,XLU,-0.003357,5.6430555e-15
2016-10-07,XLU,-0.005673,5.375301e-14
2016-10-10,XLU,-0.012658,0.0
2016-10-11,XLU,0.003792,1.2839729e-13
2016-10-12,XLU,0.001799,0.0
2016-10-13,XLU,0.003232,0.0
2016-10-14,XLU,0.006086,4.441586e-14
2016-10-17,XLU,-0.017079,0.0
2016-10-18,XLU,0.002715,1.047773e-15
2016-10-19,XLU,-0.001264,0.0
2016-10-20,XLU,0.003637,1.6740082e-16
2016-10-21,XLU,-0.011087,1.914701e-16
2016-10-24,XLU,-0.018195,1.1900203e-15
2016-10-25,XLU,-0.007862,0.0
2016-10-26,XLU,-0.011887,0.0
2016-10-27,XLU,0.001528,0.0
2016-10-28,XLU,-0.00591,3.8163916e-17
2016-10-31,XLU,0.004219,2.8384413e-16
2016-11-01,XLU,0.005539,0.0
2016-11-02,XLU,0.00057,0.0
2016-11-03,XLU,-0.009301,4.3715032e-16
2016-11-04,XLU,-0.007856,1.5577817e-15
2016-11-07,XLU,-0.008304,0.0
2016-11-08,XLU,-0.000389,0.0
2016-11-09,XLU,0.009351,0.0
2016-11-10,XLU,-0.009844,5.551115e-17
2016-11-11,XLU,-0.010916,1.8041124e-16
2016-11-14,XLU,-0.003745,0.0
2016-11-15,XLU,-0.005737,0.0
2016-11-16,XLU,-0.002189,3.795575e-15
2016-11-17,XLU,0.006181,3.7053693e-14
2016-11-18,XLU,-0.006342,4.9960036e-16
2016-11-21,XLU,-0.002992,0.0
2016-11-22,XLU,0.0014,0.0
2016-11-23,XLU,0.009588,2.087653e-14
2016-11-25,XLU,-0.006134,6.730727e-16
2016-11-28,XLU,0.015529,0.0
2016-11-29,XLU,0.000588,9.020562e-17
2016-11-30,XLU,-0.012735,4.943962e-17
2016-12-01,XLU,0.001786,7.7195195e-17
2016-12-02,XLU,0.011094,2.7564756e-15
2016-12-05,XLU,-0.015674,4.7415197e-14
2016-12-06,XLU,-0.007166,1.8178514e-13
2016-12-07,XLU,-0.016439,0.0
2016-12-08,XLU,-0.01488,0.0
2016-12-09,XLU,-0.004759,0.0
2016-12-12,XLU,-0.011227,0.0
2016-12-13,XLU,0.021026,4.4131365e-15
2016-12-14,XLU,0.007619,0.0
2016-12-15,XLU,0.004496,0.0
2016-12-16,XLU,-0.01119,0.0
2016-12-19,XLU,0.022222,0.0
2016-12-20,XLU,0.008857,0.0
2016-12-21,XLU,-0.012969,0.0
2016-12-22,XLU,-0.013139,0.0
2016-12-23,XLU,0.005121,4.898859e-15
2016-12-27,XLU,0.026085,0.0
2016-12-28,XLU,-0.002979,0.0
2016-12-29,XLU,-0.015936,0.0
2016-12-30,XLU,-0.006883,0.0
2016-01-04,XLY,0.011231,0.0
2016-01-05,XLY,-0.002404,7.345991e-17
2016-01-06,XLY,-0.001492,7.4419637e-16
2016-01-07,XLY,-0.003218,2.2342542e-15
2016-01-08,XLY,-0.003229,0.0
2016-01-11,XLY,0.004165,1.7185456e-18
2016-01-12,XLY,-0.000922,0.0
2016-01-13,XLY,0.001499,0.0
2016-01-14,XLY,0.002648,1.1587953e-15
2016-01-15,XLY,-0.00023,1.0
2016-01-19,XLY,0.005284,0.0
2016-01-20,XLY,-0.000114,0.0
2016-01-21,XLY,0.001263,1.0581813e-15
2016-01-22,XLY,-0.002358,0.0
2016-01-25,XLY,-0.012667,6.98816e-14
2016-01-26,XLY,0.001162,3.4496997e-16
2016-01-27,XLY,0.002321,7.7845716e-17
2016-01-28,XLY,0.002432,1.0
2016-01-29,XLY,-0.000347,1.0
2016-02-01,XLY,0.007627,0.0
2016-02-02,XLY,0.005964,1.0
2016-02-03,XLY,0.002622,2.3616178e-13
2016-02-04,XLY,0.000114,0.0
2016-02-05,XLY,-0.00398,1.0
2016-02-08,XLY,-0.001598,1.221176e-13
2016-02-09,XLY,-0.002401,0.0
2016-02-10,XLY,0.003095,0.0
2016-02-11,XLY,-0.002971,1.0116907e-14
2016-02-12,XLY,0.003667,0.0
2016-02-16,XLY,-0.000799,7.138595e-16
2016-02-17,XLY,-0.004,0.0
2016-02-18,XLY,-0.006999,0.0
2016-02-19,XLY,0.010283,0.0
2016-02-22,XLY,0.000114,0.0
2016-02-23,XLY,0.000915,8.326673e-17
2016-02-24,XLY,0.010511,0.0
2016-02-25,XLY,-0.002261,2.2074356e-16
2016-02-26,XLY,0.006459,1.0
2016-02-29,XLY,0.007881,0.0
2016-03-01,XLY,0.004692,4.3295922e-13
2016-03-02,XLY,0.005337,1.273287e-15
2016-03-03,XLY,-0.003981,1.1379786e-15
2016-03-04,XLY,0.001332,0.0
2016-03-07,XLY,0.001109,1.9428903e-16
2016-03-08,XLY,-0.005871,0.0
2016-03-09,XLY,-0.00156,0.0
2016-03-10,XLY,0.006249,0.0
2016-03-11,XLY,0.001885,1.0
2016-03-14,XLY,0.005756,5.89806e-17
2016-03-15,XLY,-0.003412,0.0
2016-03-16,XLY,-0.005964,1.5808969e-14
2016-03-17,XLY,-0.001444,5.1798843e-14
2016-03-18,XLY,0.000223,1.9359514e-14
2016-03-21,XLY,-0.003448,6.938894e-18
2016-03-22,XLY,-0.016185,0.0
2016-03-23,XLY,0.005786,0.0
2016-03-24,XLY,0.006768,5.2335466e-16
2016-03-28,XLY,0.005042,8.326673e-17
2016-03-29,XLY,-0.00379,1.9428903e-16
2016-03-30,XLY,0.003581,0.0
2016-03-31,XLY,0.008809,0.0
2016-04-01,XLY,0.002984,1.7076184e-16
2016-04-04,XLY,0.000771,0.0
2016-04-05,XLY,0.002643,0.0
2016-04-06,XLY,0.009445,0.0
2016-04-07,XLY,0.00359,0.0
2016-04-08,XLY,-0.00271,0.0
2016-04-11,XLY,-0.008588,0.0
2016-04-12,XLY,0.001754,0.0
2016-04-13,XLY,-0.006458,1.7758624e-13
2016-04-14,XLY,-0.004407,2.0122792e-16
2016-04-15,XLY,-0.000553,3.7914116e-14
2016-04-18,XLY,0.0062,0.0
2016-04-19,XLY,-0.00055,0.0
2016-04-20,XLY,-0.004184,1.9428903e-16
2016-04-21,XLY,-0.00028,4.2287285e-12
2016-04-22,XLY,0.007654,1.0590487e-15
2016-04-25,XLY,-0.01255,4.6558746e-15
2016-04-26,XLY,0.001561,8.430756e-15
2016-04-27,XLY,-0.002337,0.0
2016-04-28,XLY,-0.001227,0.0
2016-04-29,XLY,0.003575,7.284104e-15
2016-05-02,XLY,-0.007903,1.05634425e-16
2016-05-03,XLY,0.010098,7.992218e-14
2016-05-04,XLY,-0.009663,0.0
2016-05-05,XLY,0.005271,0.0
2016-05-06,XLY,-0.001004,5.4222614e-14
2016-05-09,XLY,-0.002457,0.0
2016-05-10,XLY,-0.010188,0.0
2016-05-11,XLY,0.008936,1.0
2016-05-12,XLY,0.00213,0.0
2016-05-13,XLY,-0.002014,4.1633363e-17
2016-05-16,XLY,0.007622,1.057548e-15
2016-05-17,XLY,0.000111,1.1428358e-12
2016-05-18,XLY,0.003226,1.0
2016-05-19,XLY,0.002439,2.1137952e-13
2016-05-20,XLY,0.004535,0.0
2016-05-23,XLY,0.004845,1.8603175e-14
2016-05-24,XLY,-0.002082,0.0
2016-05-25,XLY,0.000659,1.0
2016-05-26,XLY,-0.003402,0.0
2016-05-27,XLY,0.007047,8.881784e-16
2016-05-31,XLY,-0.000437,0.0
2016-06-01,XLY,0.007329,1.0
2016-06-02,XLY,-0.007601,1.0
2016-06-03,XLY,-0.000328,1.3530843e-16
2016-06-06,XLY,0.001751,3.406997e-15
2016-06-07,XLY,-0.002732,0.0
2016-06-08,XLY,-0.002739,0.0
2016-06-09,XLY,0.00011,8.33094e-13
2016-06-10,XLY,0.002307,0.0
2016-06-13,XLY,0.000548,5.682954e-15
2016-06-14,XLY,-0.005806,7.112366e-17
2016-06-15,XLY,-0.014985,8.2087115e-15
2016-06-16,XLY,0.005145,0.0
2016-06-17,XLY,0.007122,7.513245e-16
2016-06-20,XLY,-0.009171,8.963929e-17
2016-06-21,XLY,0.00513,0.0
2016-06-22,XLY,-0.015977,8.430756e-16
2016-06-23,XLY,-0.004961,1.3877788e-16
2016-06-24,XLY,0.001813,0.0
2016-06-27,XLY,0.010745,0.0
2016-06-28,XLY,-0.008505,1.0
2016-06-29,XLY,-0.002144,8.496676e-15
2016-06-30,XLY,0.002488,0.0
2016-07-01,XLY,0.000564,6.331741e-17
2016-07-05,XLY,-0.000902,0.0
2016-07-06,XLY,0.007223,1.2490009e-16
2016-07-07,XLY,0.004706,0.0
2016-07-08,XLY,0.004573,0.0
2016-07-11,XLY,-0.004108,4.1633363e-17
2016-07-12,XLY,0.006243,0.0
2016-07-13,XLY,-0.008642,2.1337099e-15
2016-07-14,XLY,-0.003465,1.0408341e-16
2016-07-15,XLY,0.005271,0.0
2016-07-18,XLY,0.004462,1.0
2016-07-19,XLY,0.007219,0.0
2016-07-20,XLY,-0.005403,0.0
2016-07-21,XLY,-0.002794,4.145989e-16
2016-07-22,XLY,-0.003459,0.0
2016-07-25,XLY,-0.000896,0.0
2016-07-26,XLY,0.003362,0.0
2016-07-27,XLY,-0.001675,1.4641066e-15
2016-07-28,XLY,0.001678,1.0
2016-07-29,XLY,-0.002122,1.1296519e-14
2016-08-01,XLY,0.000112,5.377643e-16
2016-08-02,XLY,0.005483,0.0
2016-08-03,XLY,-0.001224,4.898859e-15
2016-08-04,XLY,0.003789,3.8163916e-16
2016-08-05,XLY,0.001887,2.5424107e-14
2016-08-08,XLY,0.00421,1.8388069e-16
2016-08-09,XLY,0.005186,0.0
2016-08-10,XLY,0.005598,5.953571e-15
2016-08-11,XLY,0.001201,9.298118e-16
2016-08-12,XLY,-0.003162,1.0
2016-08-15,XLY,-0.000984,1.110223e-16
2016-08-16,XLY,0.000547,2.1718738e-15
2016-08-17,XLY,-0.006675,3.1016856e-15
2016-08-18,XLY,0.004847,0.0
2016-08-19,XLY,0.001315,1.3530843e-16
2016-08-22,XLY,0.000547,3.6796954e-14
2016-08-23,XLY,-0.002736,1.0946105e-15
2016-08-24,XLY,0.0,0.0
2016-08-25,XLY,0.002414,0.0
2016-08-26,XLY,-0.006786,2.5396352e-15
2016-08-29,XLY,0.002425,0.0
2016-08-30,XLY,-0.003848,4.3832704e-17
2016-08-31,XLY,0.003532,0.0
2016-09-01,XLY,0.016166,1.0
2016-09-02,XLY,-0.004545,3.1225023e-16
2016-09-06,XLY,0.000109,1.7180701e-14
2016-09-07,XLY,0.000326,0.0
2016-09-08,XLY,-0.007498,0.0
2016-09-09,XLY,0.004051,0.0
2016-09-12,XLY,0.007306,1.5848386e-15
2016-09-13,XLY,-0.005954,6.2450045e-17
2016-09-14,XLY,0.001089,1.02348685e-16
2016-09-15,XLY,0.001523,1.8665625e-15
2016-09-16,XLY,0.003367,0.0
2016-09-19,XLY,0.003356,0.0
2016-09-20,XLY,0.000863,1.110223e-15
2016-09-21,XLY,-0.004312,0.0
2016-09-22,XLY,0.008337,0.0
2016-09-23,XLY,0.004402,1.0
2016-09-26,XLY,0.001924,0.0
2016-09-27,XLY,0.006189,0.0
2016-09-28,XLY,0.000954,0.0
2016-09-29,XLY,0.002543,0.0
2016-09-30,XLY,0.00074,9.000847e-17
2016-10-03,XLY,0.011088,0.0
2016-10-04,XLY,0.004282,3.2222489e-16
2016-10-05,XLY,0.005096,2.2481962e-16
2016-10-06,XLY,-0.000414,0.0
2016-10-07,XLY,0.011593,1.0
2016-10-10,XLY,-0.00573,1.4430386e-15
2016-10-11,XLY,-0.006483,0.0
2016-10-12,XLY,0.00259,0.0
2016-10-13,XLY,0.004753,2.8258645e-15
2016-10-14,XLY,0.002159,5.1278426e-15
2016-10-17,XLY,0.00041,0.0
2016-10-18,XLY,0.000821,0.0
2016-10-19,XLY,0.003074,0.0
2016-10-20,XLY,0.00431,4.2500725e-17
2016-10-21,XLY,0.008982,0.0
2016-10-24,XLY,-0.001315,0.0
2016-10-25,XLY,-0.001925,8.478461e-17
2016-10-26,XLY,0.006495,0.0
2016-10-27,XLY,-0.001916,0.0
2016-10-28,XLY,0.002223,5.2041704e-17
2016-10-31,XLY,-0.002016,0.0
2016-11-01,XLY,0.002727,0.0
2016-11-02,XLY,-0.005843,0.0
2016-11-03,XLY,0.015199,0.0
2016-11-04,XLY,0.004591,3.469447e-16
2016-11-07,XLY,0.003279,4.57967e-16
2016-11-08,XLY,0.007922,1.3460562e-16
2016-11-09,XLY,0.001179,1.6531884e-11
2016-11-10,XLY,0.001963,1.882175e-16
2016-11-11,XLY,-0.000686,0.0
2016-11-14,XLY,0.01627,0.0
2016-11-15,XLY,0.012923,9.812897e-15
2016-11-16,XLY,-0.007141,1.0
2016-11-17,XLY,0.004795,0.0
2016-11-18,XLY,-0.000859,1.4988011e-15
2016-11-21,XLY,0.008692,4.3888504e-16
2016-11-22,XLY,0.01108,2.3037128e-15
2016-11-23,XLY,0.008429,4.930084e-15
2016-11-25,XLY,0.004272,0.0
2016-11-28,XLY,-0.001757,1.0856592e-15
2016-11-29,XLY,0.00982,0.0
2016-11-30,XLY,-0.002752,0.0
2016-12-01,XLY,-0.004968,0.0
2016-12-02,XLY,-0.003236,0.0
2016-12-05,XLY,-0.011131,0.0
2016-12-06,XLY,-0.009568,0.0
2016-12-07,XLY,-0.033715,4.1633363e-17
2016-12-08,XLY,0.025581,0.0
2016-12-09,XLY,-0.003058,1.00280895e-13
2016-12-12,XLY,-0.039877,0.0
2016-12-13,XLY,0.006689,5.2041704e-16
2016-12-14,XLY,0.013587,1.0
2016-12-15,XLY,0.005186,8.517492e-15
2016-12-16,XLY,0.015964,4.880127e-12
2016-12-19,XLY,0.008911,7.34135e-15
2016-12-20,XLY,-0.004843,0.0
2016-12-21,XLY,-0.003054,0.0
2016-12-22,XLY,-0.001436,1.06605696e-13
2016-12-23,XLY,0.001246,8.838416e-16
2016-12-27,XLY,0.013978,4.066192e-15
2016-12-28,XLY,0.008403,1.8041124e-16
2016-12-29,XLY,-0.021161,0.0
2016-12-30,XLY,-0.004496,1.0
2016-01-04,XLP,0.004719,3.8857806e-16
2016-01-05,XLP,-0.000181,1.8092579e-17
2016-01-06,XLP,-0.003794,0.0
2016-01-07,XLP,-0.004353,1.8872312e-16
2016-01-08,XLP,-0.001275,0.0
2016-01-11,XLP,-0.002189,2.425322e-16
2016-01-12,XLP,0.001645,0.0
2016-01-13,XLP,0.004562,0.0
2016-01-14,XLP,0.000727,6.591949e-16
2016-01-15,XLP,-0.002904,0.0
2016-01-19,XLP,0.007464,0.0
2016-01-20,XLP,0.001446,1.3877788e-17
2016-01-21,XLP,-0.002709,0.0
2016-01-22,XLP,0.001766,0.0
2016-01-25,XLP,-0.000674,0.0
2016-01-26,XLP,-0.001999,2.9183218e-16
2016-01-27,XLP,-0.002185,8.348357e-17
2016-01-28,XLP,-0.002007,5.828671e-16
2016-01-29,XLP,-0.000914,9.9711905e-15
2016-02-01,XLP,0.00183,7.108897e-15
2016-02-02,XLP,0.001826,0.0
2016-02-03,XLP,-0.002005,1.4814538e-15
2016-02-04,XLP,-0.002923,2.515349e-17
2016-02-05,XLP,-0.001649,6.0368377e-16
2016-02-08,XLP,0.002936,1.4177132e-12
2016-02-09,XLP,-0.00183,0.0
2016-02-10,XLP,0.0,0.0
2016-02-11,XLP,0.00275,4.968248e-15
2016-02-12,XLP,0.002925,0.0
2016-02-16,XLP,0.000365,0.0
2016-02-17,XLP,0.003827,3.4755318e-13
2016-02-18,XLP,-0.004538,0.0
2016-02-19,XLP,0.007112,0.0
2016-02-22,XLP,0.004527,0.0
2016-02-23,XLP,-0.003785,3.8163916e-16
2016-02-24,XLP,-0.00199,1.0
2016-02-25,XLP,-0.002901,3.105155e-16
2016-02-26,XLP,0.009091,1.1519952e-13
2016-02-29,XLP,0.003964,1.110223e-16
2016-03-01,XLP,-0.008076,3.9390713e-13
2016-03-02,XLP,-0.001267,0.0
2016-03-03,XLP,-0.000362,9.263423e-16
2016-03-04,XLP,-0.003806,1.1934898e-15
2016-03-07,XLP,-0.006731,1.110223e-16
2016-03-08,XLP,0.000916,0.0
2016-03-09,XLP,0.007685,1.4328816e-14
2016-03-10,XLP,0.002724,0.0
2016-03-11,XLP,-0.000362,3.0501868e-17
2016-03-14,XLP,-0.003623,2.553513e-15
2016-03-15,XLP,0.000727,0.0
2016-03-16,XLP,0.001453,4.0982842e-16
2016-03-17,XLP,-0.002903,0.0
2016-03-18,XLP,0.003275,2.2301605e-14
2016-03-21,XLP,-0.000907,9.367507e-17
2016-03-22,XLP,-0.001452,0.0
2016-03-23,XLP,0.000727,0.0
2016-03-24,XLP,0.00545,0.0
2016-03-28,XLP,0.005601,1.3877788e-17
2016-03-29,XLP,0.001078,2.0816682e-17
2016-03-30,XLP,0.003948,0.0
2016-03-31,XLP,0.006257,4.9960036e-16
2016-04-01,XLP,0.003731,2.2551405e-17
2016-04-04,XLP,-0.000354,0.0
2016-04-05,XLP,0.002833,2.9663771e-15
2016-04-06,XLP,0.008121,0.0
2016-04-07,XLP,0.002977,1.0
2016-04-08,XLP,0.001048,0.0
2016-04-11,XLP,-0.002442,0.0
2016-04-12,XLP,-0.00035,3.2807958e-16
2016-04-13,XLP,-0.007521,0.0
2016-04-14,XLP,-0.001234,1.5061737e-15
2016-04-15,XLP,-0.000176,0.0
2016-04-18,XLP,0.001588,0.0
2016-04-19,XLP,0.006344,4.6837534e-17
2016-04-20,XLP,-0.002276,0.0
2016-04-21,XLP,-0.010428,8.469614e-14
2016-04-22,XLP,0.004826,0.0
2016-04-25,XLP,-0.003913,1.0
2016-04-26,XLP,-0.002857,8.664076e-15
2016-04-27,XLP,-0.006626,0.0
2016-04-28,XLP,0.000361,0.0
2016-04-29,XLP,0.003965,0.0
2016-05-02,XLP,-0.008616,8.9149986e-17
2016-05-03,XLP,0.003621,5.834222e-14
2016-05-04,XLP,-0.010644,0.0
2016-05-05,XLP,0.001823,0.0
2016-05-06,XLP,-0.00091,0.0
2016-05-09,XLP,-0.000729,0.0
2016-05-10,XLP,-0.005652,0.0
2016-05-11,XLP,-0.00055,0.0
2016-05-12,XLP,-0.006971,0.0
2016-05-13,XLP,-0.002771,7.494005e-15
2016-05-16,XLP,0.005558,1.0583309e-16
2016-05-17,XLP,0.000184,7.84095e-15
2016-05-18,XLP,0.00792,0.0
2016-05-19,XLP,0.001096,0.0
2016-05-20,XLP,0.0,6.2450045e-16
2016-05-23,XLP,0.003651,0.0
2016-05-24,XLP,0.000182,2.4435423e-14
2016-05-25,XLP,0.001637,0.0
2016-05-26,XLP,-0.003268,2.7339242e-15
2016-05-27,XLP,0.006922,8.586881e-17
2016-05-31,XLP,-0.000181,4.2200618e-14
2016-06-01,XLP,0.00977,0.0
2016-06-02,XLP,-0.008421,4.2396642e-14
2016-06-03,XLP,-0.000361,0.0
2016-06-06,XLP,-0.001085,2.2291197e-15
2016-06-07,XLP,-0.000724,2.107689e-16
2016-06-08,XLP,-0.000906,0.0
2016-06-09,XLP,-0.002719,0.0
2016-06-10,XLP,0.007452,6.6904815e-14
2016-06-13,XLP,-0.003789,2.045239e-15
2016-06-14,XLP,0.00163,0.0
2016-06-15,XLP,-0.004158,1.0332013e-14
2016-06-16,XLP,0.000726,0.0
2016-06-17,XLP,0.004898,0.0
2016-06-20,XLP,0.005055,0.0
2016-06-21,XLP,0.003413,0.0
2016-06-22,XLP,-0.00913,0.0
2016-06-23,XLP,-0.00271,1.9342167e-16
2016-06-24,XLP,0.003623,1.0824674e-15
2016-06-27,XLP,0.00018,0.0
2016-06-28,XLP,-0.002888,4.128642e-16
2016-06-29,XLP,-0.013756,0.0
2016-06-30,XLP,0.003303,0.0
2016-07-01,XLP,-0.002927,0.0
2016-07-05,XLP,0.003486,1.7069679e-14
2016-07-06,XLP,-0.000183,1.3530843e-16
2016-07-07,XLP,0.000366,1.0338952e-15
2016-07-08,XLP,0.004752,0.0
2016-07-11,XLP,0.001455,6.938894e-17
2016-07-12,XLP,0.004178,3.387915e-15
2016-07-13,XLP,0.001447,3.0184188e-16
2016-07-14,XLP,-0.004877,2.7755576e-16
2016-07-15,XLP,0.006172,0.0
2016-07-18,XLP,0.002165,7.0100176e-14
2016-07-19,XLP,0.00054,0.0
2016-07-20,XLP,-0.001979,0.0
2016-07-21,XLP,0.001731,1.6653345e-16
2016-07-22,XLP,0.001449,0.0
2016-07-25,XLP,-0.003074,2.0566882e-14
2016-07-26,XLP,-0.009614,0.0
2016-07-27,XLP,-0.009524,4.3021142e-16
2016-07-28,XLP,-0.002959,0.0
2016-07-29,XLP,0.007233,0.0
2016-08-01,XLP,0.002394,0.0
2016-08-02,XLP,-0.007715,1.5716595e-14
2016-08-03,XLP,0.0,0.0
2016-08-04,XLP,-0.00074,2.359224e-16
2016-08-05,XLP,-0.001853,0.0
2016-08-08,XLP,0.001114,0.0
2016-08-09,XLP,0.003152,1.901257e-15
2016-08-10,XLP,0.004435,1.4904744e-14
2016-08-11,XLP,-0.009936,4.0939474e-16
2016-08-12,XLP,-0.002788,0.0
2016-08-15,XLP,0.008759,0.0
2016-08-16,XLP,0.002032,0.0
2016-08-17,XLP,0.00424,0.0
2016-08-18,XLP,0.001836,4.8572257e-17
2016-08-19,XLP,0.000367,8.84709e-17
2016-08-22,XLP,-0.003664,0.0
2016-08-23,XLP,-0.001287,5.2041704e-17
2016-08-24,XLP,-0.005339,0.0
2016-08-25,XLP,-0.002406,0.0
2016-08-26,XLP,-0.000742,0.0
2016-08-29,XLP,-0.003528,0.0
2016-08-30,XLP,-0.002795,2.8289922e-18
2016-08-31,XLP,0.000747,0.0
2016-09-01,XLP,-0.008589,0.0
2016-09-02,XLP,-0.008475,6.2450045e-17
2016-09-06,XLP,0.008357,2.95243e-13
2016-09-07,XLP,0.003202,2.1441182e-15
2016-09-08,XLP,-0.002441,0.0
2016-09-09,XLP,0.000188,2.4447805e-13
2016-09-12,XLP,-0.010726,8.354304e-16
2016-09-13,XLP,0.011223,2.8865799e-15
2016-09-14,XLP,0.01091,0.0
2016-09-15,XLP,-0.000186,0.0
2016-09-16,XLP,0.010236,0.0
2016-09-19,XLP,0.005711,8.520724e-16
2016-09-20,XLP,0.00348,5.2041704e-16
2016-09-21,XLP,-0.010588,3.557074e-15
2016-09-22,XLP,0.013838,0.0
2016-09-23,XLP,-0.003458,0.0
2016-09-26,XLP,-0.001096,3.814657e-15
2016-09-27,XLP,0.003291,2.1250363e-17
2016-09-28,XLP,-0.001276,2.220446e-16
2016-09-29,XLP,-0.00073,7.8582973e-16
2016-09-30,XLP,0.000548,5.52366e-16
2016-10-03,XLP,0.008212,0.0
2016-10-04,XLP,0.005249,0.0
2016-10-05,XLP,0.009183,1.2226297e-17
2016-10-06,XLP,0.002498,0.0
2016-10-07,XLP,0.009432,6.3823296e-14
2016-10-10,XLP,-0.001587,0.0
2016-10-11,XLP,0.006357,7.950671e-15
2016-10-12,XLP,-0.009651,1.3877788e-17
2016-10-13,XLP,0.002658,0.0
2016-10-14,XLP,-0.000177,1.0813572e-13
2016-10-17,XLP,0.000177,0.0
2016-10-18,XLP,0.005655,1.179612e-16
2016-10-19,XLP,-0.004393,0.0
2016-10-20,XLP,0.011255,1.9081958e-17
2016-10-21,XLP,-0.000527,3.8857806e-16
2016-10-24,XLP,0.001231,3.0270925e-16
2016-10-25,XLP,-0.001757,0.0
2016-10-26,XLP,-0.000704,0.0
2016-10-27,XLP,0.001585,5.0992197e-15
2016-10-28,XLP,0.002286,6.071532e-16
2016-10-31,XLP,-0.000175,0.0
2016-11-01,XLP,-0.001579,4.215378e-16
2016-11-02,XLP,-0.000176,1.3686968e-15
2016-11-03,XLP,-0.006152,9.922618e-16
2016-11-04,XLP,-0.000354,0.0
2016-11-07,XLP,0.002831,0.0
2016-11-08,XLP,0.004411,0.0
2016-11-09,XLP,0.002459,0.0
2016-11-10,XLP,-0.001402,1.5612511e-16
2016-11-11,XLP,-0.004913,0.0
2016-11-14,XLP,-0.001411,0.0
2016-11-15,XLP,0.000353,0.0
2016-11-16,XLP,0.00459,3.469447e-15
2016-11-17,XLP,0.011422,2.4424907e-14
2016-11-18,XLP,-0.002953,8.7430063e-16
2016-11-21,XLP,0.011152,7.6934986e-16
2016-11-22,XLP,0.007582,2.359224e-16
2016-11-23,XLP,-0.00325,7.8730425e-15
2016-11-25,XLP,0.002059,0.0
2016-11-28,XLP,0.000514,2.0545048e-16
2016-11-29,XLP,0.004792,0.0
2016-11-30,XLP,-0.003918,1.2661313e-15
2016-12-01,XLP,-0.006669,1.0417014e-15
2016-12-02,XLP,-0.004648,6.7480743e-16
2016-12-05,XLP,-0.004324,2.452552e-14
2016-12-06,XLP,-0.019107,0.0
2016-12-07,XLP,-0.036303,5.551115e-16
2016-12-08,XLP,0.011025,0.0
2016-12-09,XLP,-0.004362,2.2551405e-15
2016-12-12,XLP,-0.021541,9.341139e-14
2016-12-13,XLP,0.002052,1.4432899e-15
2016-12-14,XLP,0.01024,0.0
2016-12-15,XLP,0.004607,5.2666205e-15
2016-12-16,XLP,-0.00055,0.0
2016-12-19,XLP,0.01652,0.0
2016-12-20,XLP,0.003973,3.243933e-15
2016-12-21,XLP,-0.022662,1.0772633e-15
2016-12-22,XLP,-0.011962,1.4890866e-14
2016-12-23,XLP,0.002608,2.2551405e-15
2016-12-27,XLP,0.00966,6.6842365e-14
2016-12-28,XLP,0.006256,1.0824674e-15
2016-12-29,XLP,-0.013165,0.0
2016-12-30,XLP,-0.010376,2.6218177e-15
2016-01-04,XLE,0.020034,5.89806e-16
2016-01-05,XLE,-0.009477,1.0
2016-01-06,XLE,-0.001803,0.0
2016-01-07,XLE,0.002223,0.0
2016-01-08,XLE,-0.00887,8.881784e-16
2016-01-11,XLE,-0.02601,0.0
2016-01-12,XLE,0.006604,0.0
2016-01-13,XLE,-0.001426,7.910339e-16
2016-01-14,XLE,0.000143,0.0
2016-01-15,XLE,-0.011282,2.0430706e-15
2016-01-19,XLE,0.022245,2.3208952e-13
2016-01-20,XLE,-0.007065,8.187895e-16
2016-01-21,XLE,-0.000725,0.0
2016-01-22,XLE,-0.000774,6.392109e-14
2016-01-25,XLE,-0.007685,0.0
2016-01-26,XLE,-0.001445,7.601613e-18
2016-01-27,XLE,-0.004051,1.0
2016-01-28,XLE,-0.003923,0.0
2016-01-29,XLE,-0.004667,5.4491134e-14
2016-02-01,XLE,0.014215,0.0
2016-02-02,XLE,0.013726,0.0
2016-02-03,XLE,-0.000285,0.0
2016-02-04,XLE,-0.003422,1.2212453e-15
2016-02-05,XLE,-0.001717,0.0
2016-02-08,XLE,0.007309,0.0
2016-02-09,XLE,-0.00313,4.955411e-14
2016-02-10,XLE,0.007992,0.0
2016-02-11,XLE,-0.003823,9.610368e-16
2016-02-12,XLE,0.007533,2.289835e-16
2016-02-16,XLE,0.000141,1.0574645e-14
2016-02-17,XLE,-0.004231,8.561231e-14
2016-02-18,XLE,-0.018272,2.5118796e-15
2016-02-19,XLE,0.002164,1.0
2016-02-22,XLE,-0.009358,0.0
2016-02-23,XLE,-0.014678,1.6479873e-16
2016-02-24,XLE,0.004867,0.0
2016-02-25,XLE,-0.00499,1.6653345e-16
2016-02-26,XLE,0.005901,0.0
2016-02-29,XLE,0.008506,6.574602e-16
2016-03-01,XLE,-0.003344,0.0
2016-03-02,XLE,-0.010943,1.0
2016-03-03,XLE,0.000738,0.0
2016-03-04,XLE,-0.002801,0.0
2016-03-07,XLE,-0.005026,3.5041414e-16
2016-03-08,XLE,0.002823,1.0
2016-03-09,XLE,-0.01837,4.607932e-12
2016-03-10,XLE,0.015847,1.700029e-16
2016-03-11,XLE,0.007131,2.5072387e-16
2016-03-14,XLE,-0.008261,1.0
2016-03-15,XLE,0.013238,1.0
2016-03-16,XLE,-0.002055,0.0
2016-03-17,XLE,-0.003383,1.9220736e-15
2016-03-18,XLE,0.007823,0.0
2016-03-21,XLE,-0.004979,9.367507e-17
2016-03-22,XLE,-0.009862,1.769418e-16
2016-03-23,XLE,-0.000297,1.5470264e-14
2016-03-24,XLE,0.012342,0.0
2016-03-28,XLE,-0.002203,2.2551405e-16
2016-03-29,XLE,0.002355,1.0
2016-03-30,XLE,-0.005287,3.7960086e-15
2016-03-31,XLE,-0.01816,1.956768e-15
2016-04-01,XLE,0.001654,5.412337e-16
2016-04-04,XLE,-0.013361,4.943962e-17
2016-04-05,XLE,-0.00426,0.0
2016-04-06,XLE,0.006265,0.0
2016-04-07,XLE,-0.011541,2.4271604e-15
2016-04-08,XLE,0.001844,1.8735014e-15
2016-04-11,XLE,0.011808,0.0
2016-04-12,XLE,-0.014095,1.0
2016-04-13,XLE,-0.002921,0.0
2016-04-14,XLE,0.024052,0.0
2016-04-15,XLE,0.007076,6.6197048e-15
2016-04-18,XLE,0.007475,2.5826043e-13
2016-04-19,XLE,-0.018104,3.287301e-16
2016-04-20,XLE,-0.007556,0.0
2016-04-21,XLE,0.016433,0.0
2016-04-22,XLE,-0.006335,0.0
2016-04-25,XLE,-0.01275,0.0
2016-04-26,XLE,-0.016144,0.0
2016-04-27,XLE,-0.000625,1.3812194e-15
2016-04-28,XLE,0.006724,7.9657354e-17
2016-04-29,XLE,-0.002175,4.739785e-14
2016-05-02,XLE,-0.001557,3.3335895e-16
2016-05-03,XLE,0.005457,0.0
2016-05-04,XLE,0.002171,1.0
2016-05-05,XLE,0.004487,2.577799e-15
2016-05-06,XLE,0.019254,5.2722444e-14
2016-05-09,XLE,-0.020251,3.049297e-14
2016-05-10,XLE,-0.011106,1.9368257e-12
2016-05-11,XLE,-0.00156,0.0
2016-05-12,XLE,0.003281,1.2047655e-15
2016-05-13,XLE,0.00545,0.0
2016-05-16,XLE,0.002788,0.0
2016-05-17,XLE,0.004015,0.0
2016-05-18,XLE,0.005999,1.4360668e-12
2016-05-19,XLE,-0.001223,0.0
2016-05-20,XLE,-0.004746,1.110223e-15
2016-05-23,XLE,0.014613,6.2710254e-16
2016-05-24,XLE,-0.003032,7.1419595e-14
2016-05-25,XLE,-0.009884,1.4037105e-12
2016-05-26,XLE,-0.001843,1.762479e-15
2016-05-27,XLE,0.012617,0.0
2016-05-31,XLE,0.001064,5.3793775e-14
2016-06-01,XLE,0.01017,0.0
2016-06-02,XLE,-0.001202,0.0
2016-06-03,XLE,0.002257,1.0
2016-06-06,XLE,-0.00015,0.0
2016-06-07,XLE,-0.003753,2.5934116e-16
2016-06-08,XLE,-0.014014,5.030698e-16
2016-06-09,XLE,0.00321,0.0
2016-06-10,XLE,-0.007617,2.6362246e-13
2016-06-13,XLE,-0.002303,0.0
2016-06-14,XLE,0.000923,1.0
2016-06-15,XLE,-0.010607,0.0
2016-06-16,XLE,-0.006526,2.2759572e-15
2016-06-17,XLE,-0.002972,0.0
2016-06-20,XLE,-0.003765,1.0
2016-06-21,XLE,-0.009605,1.581027e-14
2016-06-22,XLE,-0.014149,3.0531133e-16
2016-06-23,XLE,0.004999,7.632783e-17
2016-06-24,XLE,-0.005135,0.0
2016-06-27,XLE,0.006613,0.0
2016-06-28,XLE,0.004326,3.004541e-14
2016-06-29,XLE,0.000638,0.0
2016-06-30,XLE,0.004464,0.0
2016-07-01,XLE,-0.004444,1.3877788e-17
2016-07-05,XLE,-0.001276,1.50574e-15
2016-07-06,XLE,0.000479,2.7755576e-17
2016-07-07,XLE,0.004787,9.436896e-16
2016-07-08,XLE,0.009687,0.0
2016-07-11,XLE,0.005505,0.0
2016-07-12,XLE,0.016268,0.0
2016-07-13,XLE,0.001847,1.0
2016-07-14,XLE,-0.010601,0.0
2016-07-15,XLE,0.009472,6.1658578e-15
2016-07-18,XLE,0.006153,0.0
2016-07-19,XLE,0.012536,1.5256264e-12
2016-07-20,XLE,0.004832,6.8039324e-14
2016-07-21,XLE,0.002335,8.977194e-17
2016-07-22,XLE,0.004253,4.128642e-16
2016-07-25,XLE,0.004083,1.0998147e-15
2016-07-26,XLE,0.006778,1.4803714e-12
2016-07-27,XLE,0.000299,1.7347235e-17
2016-07-28,XLE,0.005085,0.0
2016-07-29,XLE,0.014435,2.7526592e-14
2016-08-01,XLE,-0.00044,0.0
2016-08-02,XLE,0.004256,6.1964323e-15
2016-08-03,XLE,0.000877,2.026157e-15
2016-08-04,XLE,-0.000146,2.0816682e-16
2016-08-05,XLE,-0.000292,0.0
2016-08-08,XLE,-0.001022,1.0
2016-08-09,XLE,-0.000731,1.1726731e-15
2016-08-10,XLE,0.004536,6.3837824e-16
2016-08-11,XLE,-0.008449,0.0
2016-08-12,XLE,0.002057,4.361393e-12
2016-08-15,XLE,0.00088,1.0
2016-08-16,XLE,0.002344,2.44596e-16
2016-08-17,XLE,-0.003653,1.8041124e-16
2016-08-18,XLE,-0.000587,0.0
2016-08-19,XLE,0.002201,4.1633363e-17
2016-08-22,XLE,0.000586,0.0
2016-08-23,XLE,-0.007025,0.0
2016-08-24,XLE,-0.003095,0.0
2016-08-25,XLE,0.001922,5.2041704e-17
2016-08-26,XLE,-0.005165,3.4139358e-14
2016-08-29,XLE,0.001928,2.3550385e-16
2016-08-30,XLE,-0.006958,8.030241e-17
2016-08-31,XLE,0.002087,0.0
2016-09-01,XLE,0.001785,7.632783e-17
2016-09-02,XLE,0.005198,1.0
2016-09-06,XLE,0.00325,2.0053403e-15
2016-09-07,XLE,0.011338,0.0
2016-09-08,XLE,-0.002912,0.0
2016-09-09,XLE,0.002921,0.0
2016-09-12,XLE,0.02286,0.0
2016-09-13,XLE,-0.001281,1.5126789e-15
2016-09-14,XLE,-0.004846,1.0
2016-09-15,XLE,0.003008,7.598089e-16
2016-09-16,XLE,-0.005283,4.2188475e-15
2016-09-19,XLE,-0.005742,3.7331677e-15
2016-09-20,XLE,-0.016171,0.0
2016-09-21,XLE,-0.0113,1.0
2016-09-22,XLE,-0.004008,4.718448e-16
2016-09-23,XLE,0.004918,0.0
2016-09-26,XLE,-0.002373,0.0
2016-09-27,XLE,0.00223,2.026157e-15
2016-09-28,XLE,0.004005,0.0
2016-09-29,XLE,0.002807,0.0
2016-09-30,XLE,-0.010165,0.0
2016-10-03,XLE,0.007739,0.0
2016-10-04,XLE,0.005465,9.475927e-17
2016-10-05,XLE,0.014982,0.0
2016-10-06,XLE,0.008394,1.4918622e-16
2016-10-07,XLE,-0.000431,0.0
2016-10-10,XLE,-0.004307,0.0
2016-10-11,XLE,-0.012978,0.0
2016-10-12,XLE,0.002922,1.0
2016-10-13,XLE,0.009177,0.0
2016-10-14,XLE,0.007217,5.481726e-16
2016-10-17,XLE,-0.002723,6.6387867e-15
2016-10-18,XLE,-0.001437,0.0
2016-10-19,XLE,-0.003598,4.4061976e-16
2016-10-20,XLE,-0.000891,4.5970172e-17
2016-10-21,XLE,0.007712,5.421011e-17
2016-10-24,XLE,0.001444,5.030698e-16
2016-10-25,XLE,0.014131,0.0
2016-10-26,XLE,0.021186,4.3693348e-15
2016-10-27,XLE,0.002089,7.125377e-15
2016-10-28,XLE,0.008754,1.3877788e-16
2016-10-31,XLE,-0.003306,0.0
2016-11-01,XLE,0.00152,0.0
2016-11-02,XLE,-0.002898,0.0
2016-11-03,XLE,0.016468,4.6577325e-16
2016-11-04,XLE,0.014976,1.5959456e-16
2016-11-07,XLE,0.006036,3.2265857e-16
2016-11-08,XLE,-0.0004,0.0
2016-11-09,XLE,0.006002,1.049401e-12
2016-11-10,XLE,-0.002519,8.7430063e-16
2016-11-11,XLE,-0.001196,1.0
2016-11-14,XLE,0.020495,0.0
2016-11-15,XLE,0.00965,0.0
2016-11-16,XLE,-0.012658,0.0
2016-11-17,XLE,0.008765,0.0
2016-11-18,XLE,-0.00817,0.0
2016-11-21,XLE,-0.001308,1.1622647e-15
2016-11-22,XLE,0.021603,0.0
2016-11-23,XLE,-0.001538,6.50955e-14
2016-11-25,XLE,-0.002696,1.700029e-15
2016-11-28,XLE,-0.007851,6.957934e-16
2016-11-29,XLE,0.005448,7.112366e-17
2016-11-30,XLE,-0.015095,0.0
2016-12-01,XLE,-0.020173,0.0
2016-12-02,XLE,0.000668,0.0
2016-12-05,XLE,0.010287,0.0
2016-12-06,XLE,-0.041788,3.042653e-13
2016-12-07,XLE,-0.041954,3.6082248e-16
2016-12-08,XLE,0.007923,0.0
2016-12-09,XLE,-0.016721,0.0
2016-12-12,XLE,-0.030233,7.284798e-14
2016-12-13,XLE,-0.000749,0.0
2016-12-14,XLE,0.016349,6.800116e-16
2016-12-15,XLE,-0.004132,3.223463e-14
2016-12-16,XLE,0.014523,3.6730168e-14
2016-12-19,XLE,-0.002483,0.0
2016-12-20,XLE,-0.002489,7.5373735e-15
2016-12-21,XLE,-0.005432,6.2450045e-17
2016-12-22,XLE,-0.016827,0.0
2016-12-23,XLE,0.010959,0.0
2016-12-27,XLE,0.021681,0.0
2016-12-28,XLE,0.005959,1.0
2016-12-29,XLE,-0.013004,0.0
2016-12-30,XLE,-0.022983,2.2534058e-15
